RUC_ID,Tipo_empresa,Grupo_Empresarial,Sector,N_locales,N_trabajadores,Crecimiento_Anual,Tamaño_Fact,Cliente
20100257298,PRIVADA,1,Chemicals,5,910,7.95,3,1
20100144922,PRIVADA,1,Automotive,21,469,-5.73,3,0
20515657119,PRIVADA,1,Energy,2,81,3.78,1,0
20429683581,PRIVADA,1,Hospitality & Leisure,1,3046,4.53,3,0
20268477960,PRIVADA,1,Consumer,1,30,14.14,1,0
20495175210,PRIVADA,1,Consumer,1,190,-5.83,1,1
20262254268,PRIVADA,1,Energy,57,1329,5.05,3,0
20100082803,PRIVADA,1,Retail,60,531,-9.18,3,1
20554348913,PRIVADA,1,Chemicals,1,4,-5.73,3,1
20507024051,PRIVADA,1,Power & Utilities,1,83,-1.17,3,0
20100018625,PRIVADA,1,Pharma & Life Sciences ,1,1845,8.24,3,0
20407921047,PRIVADA,1,Consumer,1,12,-15.47,1,0
20601642574,PRIVADA,1,Chemicals,1,0,8.24,3,0
20333372216,PRIVADA,1,Technology,1,110,21.59,1,0
20347764664,PRIVADA,1,Automotive,1,192,25.08,3,0
20228319768,PRIVADA,1,Banking & Capital Markets,2,2149,7.95,3,1
20100116635,PRIVADA,1,Banking & Capital Markets,24,233,7.95,3,0
20100123330,PRIVADA,1,Hospitality & Leisure,31,4866,8.24,3,1
20513462388,PRIVADA,1,Transportation & Logistics,1,844,4.32,3,1
20131823020,PRIVADA,1,Consumer,1,3706,7.95,3,0
20100356270,PRIVADA,1,Engineering & Construction,2,885,72.57,3,0
20100163471,PRIVADA,1,Engineering & Construction,24,1511,25.92,3,0
20100901481,PRIVADA,1,Business Services,29,13788,-0.27,3,0
20100003946,PRIVADA,1,Consumer,8,111,9.29,3,0
20600281489,PRIVADA,1,Consumer,1,413,12.14,3,0
20513646519,PRIVADA,1,Technology,1,167,47.47,1,0
20557158406,PRIVADA,1,Telecommunications,1,11,39.54,1,0
20500985322,PRIVADA,1,Consumer,1,1113,21.58,3,0
20553511802,PRIVADA,1,Chemicals,1,16,188.95,3,0
20100011701,PRIVADA,1,Engineering & Construction,16,423,4.56,3,0
20356922311,PRIVADA,1,Consumer,1,1080,21.69,3,0
20100049008,PRIVADA,1,Media & Entertainment,1,1254,-3.67,3,1
20308445641,PRIVADA,1,Engineering & Construction,1,575,280.65,3,0
20116544289,PUBLICA,1,Power & Utilities,31,277,4.56,3,0
20254053822,PRIVADA,1,Metals and Mining,44,580,1.35,3,1
20373209601,PRIVADA,1,Transportation & Logistics,1,775,47.19,3,0
20524936179,PRIVADA,1,Engineering & Construction,1,72,102.74,3,0
20543166660,PRIVADA,1,Banking & Capital Markets,1,886,27.79,3,1
20520615394,PRIVADA,1,Health Services,1,32,16.15,1,0
20262996329,PRIVADA,1,Pharma & Life Sciences ,17,1216,-4.14,3,0
20441805960,PRIVADA,1,Banking & Capital Markets,1,1235,37.78,3,1
20600216512,PRIVADA,1,Retail,1,80,20.99,3,0
20563529378,PRIVADA,1,Retail,1,1424,56.81,3,0
20297182456,PRIVADA,1,Consumer,1,1103,4.56,3,0
20505434804,PRIVADA,1,Retail,1,21,-13.33,1,0
20101152724,PRIVADA,1,Hospitality & Leisure,1,720,16.26,1,0
20163901197,PRIVADA,1,Consumer,15,794,-4.14,3,0
20204621242,PRIVADA,1,Transportation & Logistics,2,4588,4.56,3,1
20392776975,PRIVADA,1,Metals and Mining,1,268,137.65,3,1
20433763221,PRIVADA,1,Engineering & Construction,24,156,172.96,3,1
20138149022,PRIVADA,1,Education - National,37,5045,22.36,3,1
20536612972,PRIVADA,1,Engineering & Construction,1,53,57.68,1,0
20269300141,PRIVADA,1,"Regional, State, Local & City Government",1,213,7.94,1,0
20132515680,PRIVADA,1,Consumer,1,119,-4.19,1,0
20522025071,PRIVADA,1,Metals and Mining,1,18,16.79,3,0
20100175569,PRIVADA,1,Manufacturing,14,1021,-2.83,3,1
20100004675,PUBLICA,1,Transportation & Logistics,31,1391,0.65,3,0
20417926632,PRIVADA,1,Automotive,2,1227,7.94,3,0
20341198217,PRIVADA,1,Banking & Capital Markets,9,279,22.15,3,1
20100015014,PRIVADA,1,Metals and Mining,1,390,0.6,3,1
20543725821,PRIVADA,1,Automotive,1,500,0.65,3,0
20525099718,PRIVADA,1,Engineering & Construction,1,317,186.64,3,0
20100220700,PRIVADA,1,Consumer,4,350,16.79,3,0
20100919002,PRIVADA,1,Consumer,5,72,0.65,3,1
20562707108,CONSORCIO,1,Transportation & Logistics,1,528,-5.53,1,0
20101009174,PRIVADA,1,Manufacturing,1,17,23.1,1,0
20553339988,PRIVADA,1,Chemicals,1,6,16.51,3,0
20132243230,PRIVADA,1,Banking & Capital Markets,2,1864,7.94,3,1
20522088073,PRIVADA,1,Consumer,1,514,16.51,3,0
20100015103,PRIVADA,1,Transportation & Logistics,14,425,-2.83,3,1
20100022142,PRIVADA,1,Manufacturing,6,411,9.18,3,0
20600873521,PRIVADA,1,Hospitality & Leisure,1,214,24.94,1,1
20517207331,PRIVADA,1,Insurance,1,200,78.08,3,1
20100114934,PRIVADA,1,Metals and Mining,1,2100,16.79,3,1
20251995967,PRIVADA,1,Manufacturing,9,1250,0.6,3,0
20517905454,PRIVADA,1,Retail,8,358,145.42,3,1
20547373350,PRIVADA,1,Engineering & Construction,1,41,51.89,1,0
20461642706,PRIVADA,1,Consumer,1,3667,69.74,3,1
20524538793,PRIVADA,1,Retail,1,41,32.45,1,0
20390381612,PRIVADA,1,Transportation & Logistics,1,51,15.77,1,0
20510398158,PRIVADA,1,Asset & Wealth Management,42,667,0.65,3,1
20100579228,PRIVADA,1,Retail,2,103,7.94,1,0
20510944764,PRIVADA,1,Media & Entertainment,1,261,16.51,3,1
20511988757,PRIVADA,1,Engineering & Construction,1,221,-3.95,1,1
20256265916,PRIVADA,1,Engineering & Construction,1,11,18.3,1,0
20103117560,PUBLICA,1,Power & Utilities,27,393,7.94,3,1
20100027021,PRIVADA,1,Retail,13,718,-7.62,3,1
20100153832,PRIVADA,1,Energy,1,253,-2.58,3,0
20516711559,PRIVADA,1,Banking & Capital Markets,1,98,36.31,3,1
20168544252,PRIVADA,1,Automotive,15,132,3.23,4,0
20458775746,PRIVADA,1,Manufacturing,1,13,24.76,1,0
20511501718,PRIVADA,1,Transportation & Logistics,1,37,28.41,1,1
20452614767,PRIVADA,1,Consumer,19,2641,-2.83,3,0
20518402839,PRIVADA,1,Retail,4,8,7.94,3,1
20100115663,PRIVADA,1,Asset & Wealth Management,13,962,7.94,3,1
20428500475,PRIVADA,1,Transportation & Logistics,2,705,8.34,3,0
20269180731,PRIVADA,1,Power & Utilities,1,194,-7.62,3,0
20523621212,PRIVADA,1,Engineering & Construction,1,574,16.79,3,1
20269863626,PRIVADA,1,Retail,1,97,-4.47,1,0
20600436440,PRIVADA,1,Engineering & Construction,1,7,39.72,1,0
20546349781,PRIVADA,1,Business Services,1,617,-3.95,1,1
20100121809,PRIVADA,1,Health Services,23,1124,1.22,3,0
20505675836,PRIVADA,1,Engineering & Construction,1,1457,14.97,3,0
20470783851,PRIVADA,1,Retail,1,18,26,1,1
20100384052,PRIVADA,1,Business Services,1,49,16.27,1,0
20117331823,PRIVADA,1,Retail,3,56,4.68,1,0
20306637305,PRIVADA,1,Engineering & Construction,1,660,10.19,3,0
20548498181,PRIVADA,1,Retail,1,147,9.51,1,0
20106740004,PRIVADA,1,Manufacturing,2,417,14.97,3,0
20100148162,PRIVADA,1,Transportation & Logistics,21,3043,8.55,3,0
20101363008,PRIVADA,1,Automotive,22,281,1.22,3,1
20349065488,PRIVADA,1,Automotive,14,403,1.34,3,0
20546191541,PRIVADA,1,Metals and Mining,5,903,-5.96,3,0
20303585622,PRIVADA,1,Retail,21,18,-5.96,3,0
20546128424,PRIVADA,1,Consumer,1,98,5.96,3,0
20101508928,PRIVADA,1,Engineering & Construction,2,610,31.49,3,0
20374518519,PRIVADA,1,Manufacturing,1,133,-5.75,1,0
20102108443,PRIVADA,1,Power & Utilities,2,182,27.2,1,0
20517003094,PRIVADA,1,Telecommunications,1,7,22.93,1,1
20521586134,PRIVADA,1,Business Services,1,1533,27.04,3,1
20600217764,PRIVADA,1,Chemicals,1,19,87.47,3,0
20306841506,PRIVADA,1,Asset & Wealth Management,1,186,1.22,3,1
20536619047,PRIVADA,1,Transportation & Logistics,1,116,2.93,1,0
20462526165,PRIVADA,1,Banking & Capital Markets,2,142,10.02,1,1
20513953012,PRIVADA,1,Media & Entertainment,1,97,41.91,1,0
20470407442,PRIVADA,1,Automotive,1,930,14.97,3,0
20513328819,PRIVADA,1,Insurance,1,122,27.59,3,1
20548502633,PRIVADA,1,Retail,1,48,-5.75,1,0
20563216752,PRIVADA,1,Engineering & Construction,1,0,71.16,1,1
20505543174,PRIVADA,1,Manufacturing,1,141,-5.75,1,0
20100077044,PRIVADA,1,Transportation & Logistics,157,3491,1.34,3,0
20325117835,PRIVADA,1,Consumer,1,4959,-5.96,3,0
20536126440,PRIVADA,1,Metals and Mining,9,329,1.22,3,0
20331955249,PRIVADA,1,Consumer,8,49,7.71,1,0
20472564618,PRIVADA,1,Technology,1,7,34.59,1,1
20100814162,PRIVADA,1,Transportation & Logistics,1,1295,8.55,3,0
20332940008,PRIVADA,1,Media & Entertainment,1,37,15.3,1,0
20329545459,PRIVADA,1,Business Services,1,7041,8.55,3,0
20501439020,PRIVADA,1,Engineering & Construction,24,3990,-20.9,3,1
20142829551,PRIVADA,1,Asset & Wealth Management,2,422,1.34,3,0
20102185863,PRIVADA,1,Hospitality & Leisure,2,1657,55.62,3,0
20472109171,PRIVADA,1,Media & Entertainment,1,43,25.39,1,0
20100821371,PRIVADA,1,Automotive,1,297,-3.73,3,0
20548312184,PRIVADA,1,"Forest, Paper & Packaging",1,88,5.5,1,0
20517056708,PRIVADA,1,Automotive,1,24,14.4,3,0
20536727524,PRIVADA,1,Retail,1,361,-3.73,3,0
20501923428,CONSORCIO,1,Consumer,1,32,21.7,3,0
20383086702,PRIVADA,1,Manufacturing,1,207,47.47,1,0
20502257987,PRIVADA,1,Consumer,1,352,2.52,3,0
20601432278,PRIVADA,1,Metals and Mining,1,379,7.68,3,0
20555881551,PRIVADA,1,Retail,1,892,7.33,3,1
20518630891,PRIVADA,1,Power & Utilities,1,51,2.04,3,0
20601289688,PRIVADA,1,Retail,1,0,25.76,1,0
20419952461,PRIVADA,1,Transportation & Logistics,1,87,-5.53,1,0
20100199158,PRIVADA,1,Retail,1,1164,2.04,3,0
20336183791,PRIVADA,1,Consumer,1,16977,41.49,3,0
20383380643,PRIVADA,1,Retail,31,722,2.52,3,0
20384891943,PRIVADA,1,Retail,276,1222,7.33,3,0
20518915119,PRIVADA,1,Metals and Mining,5,16,16.32,3,0
20207845044,PRIVADA,1,Retail,1,86,-3.73,3,0
20422293699,PRIVADA,1,Business Services,2,8706,-3.73,3,1
20510931514,PRIVADA,1,Hospitality & Leisure,1,343,16.26,1,0
20100096936,PRIVADA,1,Consumer,1,99,14.64,3,0
20543412709,PRIVADA,1,Metals and Mining,1,17,115.05,3,0
20478224169,PRIVADA,1,Pharma & Life Sciences ,1,15,-7.93,1,0
20509560596,PRIVADA,1,Business Services,1,27,-0.87,1,0
20100085063,PRIVADA,1,Consumer,2,1014,2.04,3,1
20498791728,PRIVADA,1,Media & Entertainment,1,71,19.41,1,0
20555757469,PRIVADA,1,Consumer,1,414,15.46,3,0
20123187157,PRIVADA,1,Chemicals,2,94,6.75,1,1
20555368993,PRIVADA,1,Consumer,1,33,-1.15,1,0
20552714378,PRIVADA,1,Engineering & Construction,1,394,8.06,3,1
20513632569,PRIVADA,1,Consumer,1,1169,14.64,3,0
20501781291,PRIVADA,1,Health Services,1,896,24.25,3,0
20100014395,PRIVADA,1,Consumer,11,1466,2.58,4,0
20555903546,PRIVADA,1,Automotive,1,17,24.86,3,0
20131867744,PRIVADA,1,Consumer,18,1503,8.06,3,0
20250650001,PRIVADA,1,Retail,1,38,1.7,1,0
20100227461,PRIVADA,1,Transportation & Logistics,2,2294,7.68,3,0
20262478964,PRIVADA,1,Metals and Mining,2,445,15.97,3,1
20109925757,PRIVADA,1,Engineering & Construction,2,1507,27.93,3,1
20537738775,PRIVADA,1,Energy,54,70,2.04,3,1
20100046831,PRIVADA,1,Consumer,6,494,7.33,3,0
20551938353,PRIVADA,1,Business Services,1,90,17.63,1,0
20506084840,PRIVADA,1,Business Services,1,7,8.88,1,1
20100114349,PRIVADA,1,Business Services,1,2418,14.4,3,1
20100123500,PRIVADA,1,Metals and Mining,1,422,-3.73,3,1
20525138985,PRIVADA,1,Business Services,1,130,16.27,1,0
20137422604,PRIVADA,1,Transportation & Logistics,1,17,10.4,1,0
20216501021,PRIVADA,1,Business Services,1,168,13.51,1,0
20535638056,PRIVADA,1,Health Services,1,1324,12.92,2,0
20100412366,PRIVADA,1,Transportation & Logistics,3,841,35.06,2,0
20504973990,PRIVADA,1,Retail,1,18,19.56,1,0
20459099213,PRIVADA,1,Chemicals,1,178,16.26,1,0
20522061035,PRIVADA,1,Consumer,1,246,34.68,2,0
20100961114,PRIVADA,1,Business Services,1,112,-5.75,1,0
20502253302,PRIVADA,1,Manufacturing,5,237,1.7,1,0
20100383919,PRIVADA,1,Transportation & Logistics,1,144,27.39,1,0
20307548322,PRIVADA,1,Retail,1,19,21.18,1,0
20100204330,PRIVADA,1,Pharma & Life Sciences ,1,479,13.29,2,0
20100151112,PRIVADA,1,Manufacturing,1,249,13.47,2,1
20265913769,PRIVADA,1,Technology,1,115,21.18,1,0
20126702737,PRIVADA,1,Metals and Mining,2,160,17.68,2,0
20524269440,PRIVADA,1,Consumer,1,31,8.46,2,1
20100617332,PRIVADA,1,Consumer,1,291,12.92,2,0
20516872307,PRIVADA,1,Retail,1,384,13.47,2,0
20100019788,PRIVADA,1,Consumer,1,184,4.55,1,0
20318171701,PRIVADA,1,Automotive,1,287,8.26,2,0
20466590747,PRIVADA,1,Technology,1,71,-17.37,1,0
20278966004,PRIVADA,1,Consumer,2,560,13.29,2,1
20101155588,PRIVADA,1,Business Services,11,7912,8.46,2,0
20502090161,PRIVADA,1,Manufacturing,1,39,1.6,1,1
20204441007,PRIVADA,1,Pharma & Life Sciences ,1,150,-3.41,2,1
20117920144,PRIVADA,1,Business Services,41,6564,1.39,2,1
20378721998,PRIVADA,1,Technology,1,76,18.21,2,1
20451575989,PRIVADA,1,Business Services,1,57,60.33,1,0
20100029741,PRIVADA,1,Transportation & Logistics,12,92,8.26,2,0
20556126764,PRIVADA,1,Transportation & Logistics,1,17,28.41,1,0
20536938657,PRIVADA,1,Consumer,1,224,60.97,2,0
20601647649,PRIVADA,1,Consumer,1,0,61.17,2,1
20600168437,PRIVADA,1,Business Services,1,34,184.03,2,0
20100093830,PRIVADA,1,Consumer,1,648,1.68,2,0
20460352674,PRIVADA,1,Metals and Mining,2,176,31.68,2,0
20550372640,PRIVADA,1,Engineering & Construction,1,654,9.14,2,1
20217265674,PRIVADA,1,Retail,1,50,7.77,1,1
20133530003,PRIVADA,1,Consumer,27,1533,1.68,2,0
20507264108,PRIVADA,1,Health Services,1,1316,17.87,2,0
20600048709,PRIVADA,1,Banking & Capital Markets,1,13,23.14,1,0
20514737364,PRIVADA,1,Engineering & Construction,12,574,-3.41,2,0
20100051240,PRIVADA,1,Engineering & Construction,2,668,-2.79,2,1
20505377142,PRIVADA,1,Transportation & Logistics,1,10,43.35,2,0
20195867233,PRIVADA,1,Engineering & Construction,1,55,-5.28,1,0
20547481675,PRIVADA,1,Media & Entertainment,1,181,32.45,1,0
20259572887,PRIVADA,1,Automotive,1,89,19.56,1,0
20511465061,PRIVADA,1,Engineering & Construction,4,34,18.53,2,1
20101796532,PRIVADA,1,Retail,3,223,1.39,2,0
20100318696,PRIVADA,1,Engineering & Construction,1,573,36.46,2,1
20357259976,PRIVADA,1,Energy,1,2338,17.68,2,0
20509551767,PRIVADA,1,Metals and Mining,1,379,-5.87,2,1
20107695584,PRIVADA,1,Health Services,2,979,5.08,2,1
20501977439,PRIVADA,1,Consumer,4,102,5.63,2,0
20101639275,PRIVADA,1,Automotive,2,269,0.97,2,1
20101077099,PRIVADA,1,Chemicals,1,92,25.83,2,0
20422626175,PRIVADA,1,Automotive,1,29,15.63,2,1
20535637599,PRIVADA,1,Health Services,1,1359,0.94,2,0
20413666130,PRIVADA,1,Automotive,2,156,9.48,2,0
20503876150,PRIVADA,1,Energy,2,19,52.46,2,0
20100041449,PRIVADA,1,Transportation & Logistics,1,8,15.63,2,0
20484251861,PRIVADA,1,Consumer,2,297,35.92,2,0
20380130336,PRIVADA,1,Automotive,1,223,-8.89,2,0
20546357377,PRIVADA,1,Pharma & Life Sciences ,1,341,5.08,2,0
20455307954,PRIVADA,1,Automotive,1,196,0.94,2,0
20100335604,PRIVADA,1,Media & Entertainment,1,201,17.9,2,0
20391166855,PRIVADA,1,Retail,1,50,-4.91,2,1
20601373875,PRIVADA,1,Engineering & Construction,1,117,23.36,2,0
20380289360,PRIVADA,1,Engineering & Construction,3,792,10.58,2,0
20338570041,PRIVADA,1,Chemicals,7,233,9.51,2,1
20470145901,PRIVADA,1,Pharma & Life Sciences ,1,84,15.37,2,0
20600346149,PRIVADA,1,Chemicals,1,447,9.51,2,0
20413940568,PRIVADA,1,Consumer,2,553,9.51,2,1
20509507199,PRIVADA,1,Banking & Capital Markets,18,655,5.08,2,1
20502913752,PRIVADA,1,Automotive,1,108,0.94,2,0
20381170412,PRIVADA,1,Health Services,1,720,0.94,2,0
20536733419,PRIVADA,1,Media & Entertainment,1,567,5.08,2,1
20100123682,PRIVADA,1,Pharma & Life Sciences ,1,134,15.63,2,0
20392965191,PRIVADA,1,Engineering & Construction,3,938,-4.91,2,0
20100111838,PRIVADA,1,Energy,1,615,5.08,2,0
20451899881,PRIVADA,1,Consumer,1,1145,6.38,2,0
20378890161,PRIVADA,1,Retail,1,1133,0.97,2,1
20516488973,PRIVADA,1,Metals and Mining,1,13,1.47,2,1
20600715187,PRIVADA,1,Metals and Mining,1,120,10.19,2,0
20252575457,PRIVADA,1,Telecommunications,1,111,17.83,2,1
20290314799,PRIVADA,1,Retail,2,157,5.46,2,1
20297566866,PRIVADA,1,Business Services,1,2202,5.46,2,1
20543323862,PRIVADA,1,Technology,1,2116,36.69,2,0
20265815830,PRIVADA,1,Hospitality & Leisure,1,1027,1.01,2,0
20104888934,PUBLICA,1,Banking & Capital Markets,24,1013,11.28,2,0
20293847038,PRIVADA,1,Consumer,1,1832,5.38,2,0
20405479592,PUBLICA,1,Power & Utilities,1,186,5.15,2,0
20100096855,PRIVADA,1,Retail,1,154,20.5,2,1
20307150981,PRIVADA,1,Chemicals,2,205,31.67,2,0
20601237211,PRIVADA,1,Transportation & Logistics,1,0,158.24,2,1
20108730294,PRIVADA,1,Retail,7,732,-3.16,2,0
20119546851,PRIVADA,1,Consumer,1,566,17.83,2,0
20416414018,PRIVADA,1,Retail,1,156,5.46,2,1
20600045521,PRIVADA,1,Automotive,1,178,20.49,2,0
20342762779,PRIVADA,1,Retail,1,66,25.36,2,1
20303063413,PRIVADA,1,Consumer,1,147,12.15,2,1
20600739477,PRIVADA,1,Retail,1,211,36.42,2,0
20101070671,PRIVADA,1,Transportation & Logistics,1,458,18.22,2,0
20107290177,PRIVADA,1,Metals and Mining,1,276,18.22,2,0
20421421669,PRIVADA,1,Engineering & Construction,1,279,42.29,2,0
20396419093,PRIVADA,1,Automotive,1,342,12.95,2,0
20114803228,PRIVADA,1,Hospitality & Leisure,7,1536,0.98,2,1
20153045021,PRIVADA,1,Hospitality & Leisure,1,3759,-2.89,2,0
20512759778,PRIVADA,1,Retail,1,127,-3.16,2,1
20519219922,PRIVADA,1,Engineering & Construction,1,416,66.85,2,0
20433469039,PRIVADA,1,Automotive,1,156,5.46,2,0
20347845150,PRIVADA,1,Transportation & Logistics,2,235,0.98,2,1
20544263642,PRIVADA,1,Engineering & Construction,1,1466,1.01,2,0
20427801625,PRIVADA,1,Retail,1,133,18.38,2,1
20549011196,PRIVADA,1,Engineering & Construction,1,1188,58.74,2,0
20517834255,PRIVADA,1,Consumer,1,1621,-3.16,2,0
20538379302,PRIVADA,1,Metals and Mining,1,44,71.46,2,1
20507398210,PRIVADA,1,Automotive,1,0,0.73,2,0
20501523837,PRIVADA,1,Engineering & Construction,1,1101,12.82,2,0
20100060150,PRIVADA,1,Pharma & Life Sciences ,3,812,-3.08,2,1
20172627421,PRIVADA,1,Education - National,3,1351,15.37,2,0
20136974697,PRIVADA,1,Consumer,5,885,0.8,2,0
20101298851,PRIVADA,1,Consumer,1,1722,0.8,2,0
20100312736,PRIVADA,1,Retail,1,27,74.26,2,1
20182246078,PRIVADA,1,Technology,1,100,1.82,2,1
20427799973,PRIVADA,1,Retail,1,976,6.37,2,0
20145496170,PUBLICA,1,"Central, National, Federal Government",2,0,140.4,2,0
20348735692,PRIVADA,1,Consumer,1,1140,7.39,2,1
20458538701,PRIVADA,1,Metals and Mining,1,303,20.89,2,0
20406339361,PRIVADA,1,Metals and Mining,1,96,13.43,2,0
20556281140,PRIVADA,1,Health Services,1,667,6.83,2,0
20131719559,PRIVADA,1,Transportation & Logistics,2,159,15.37,2,0
20392995006,PRIVADA,1,Manufacturing,1,180,32.47,2,0
20147883952,PRIVADA,1,Education - National,1,1790,5.7,2,0
20536903519,PRIVADA,1,Manufacturing,9,193,0.73,2,1
20547999691,PRIVADA,1,Consumer,1,592,35.99,2,1
20100239559,PRIVADA,1,Retail,1,658,-3.08,2,0
20499709944,PRIVADA,1,Retail,1,832,7.72,4,0
20264846855,PRIVADA,1,Consumer,1,181,0.73,2,1
20543298574,PRIVADA,1,Power & Utilities,1,0,462.11,2,0
20266409461,PRIVADA,1,Asset & Wealth Management,1,0,-7.24,2,0
20600892470,PRIVADA,1,Retail,1,689,15.86,2,1
20411808972,PRIVADA,1,Consumer,2,4801,15.18,2,0
20600020022,PRIVADA,1,Metals and Mining,1,385,15.75,2,0
20522163890,PRIVADA,1,Transportation & Logistics,1,348,-3.08,2,1
20514020907,PRIVADA,1,Asset & Wealth Management,1,311,12.51,2,0
20554556192,PRIVADA,1,Consumer,1,1656,282.28,2,0
20516775280,PRIVADA,1,Retail,1,22,15.72,2,0
20536634607,CONSORCIO,1,Engineering & Construction,1,78,15.54,2,1
20305909611,PRIVADA,1,Manufacturing,1,351,3.22,2,0
20497062781,PRIVADA,1,Metals and Mining,2,126,3.22,2,0
20255172884,PRIVADA,1,Retail,1,104,11.48,2,1
20104498044,PRIVADA,1,Consumer,2,2377,26.08,2,1
20522109178,PRIVADA,1,Retail,1,16,30.82,2,0
20100162076,PRIVADA,1,Business Services,1,5296,11.2,2,0
20344764540,PRIVADA,1,Engineering & Construction,1,1705,-2.17,2,0
20509783625,PRIVADA,1,Engineering & Construction,1,915,137.77,2,0
20100176701,PRIVADA,1,Automotive,2,354,-4.59,2,0
20102892381,PRIVADA,1,Transportation & Logistics,1,181,31.97,2,0
20556626490,CONSORCIO,1,Business Services,1,5,-2.17,2,0
20504299628,PRIVADA,1,Retail,1,32,9.21,2,0
20498672478,PRIVADA,1,Energy,1,88,15.72,2,0
20319363221,PRIVADA,1,Education - National,2,1591,15.61,2,0
20548040320,PRIVADA,1,Engineering & Construction,1,3,404.38,2,0
20451871286,PRIVADA,1,Consumer,1,5085,26.69,2,1
20100162742,PRIVADA,1,Health Services,2,898,8.52,2,0
20555901179,PRIVADA,1,Transportation & Logistics,1,1462,30.96,2,0
20119407738,PRIVADA,1,Transportation & Logistics,2,1260,8.52,2,0
20101362702,PRIVADA,1,Consumer,2,1878,3.22,2,0
20306219996,PRIVADA,1,"Forest, Paper & Packaging",1,220,11.48,2,0
20506228515,PRIVADA,1,Consumer,13,416,-15.13,2,0
20307328471,PRIVADA,1,Transportation & Logistics,1,168,31.97,2,1
20393864886,PRIVADA,1,Retail,1,265,31.97,2,0
20261126568,PRIVADA,1,Automotive,6,39,-0.1,4,1
20543265056,PRIVADA,1,Automotive,12,196,-2.17,2,0
20554816526,PRIVADA,1,Insurance,1,22,11.48,2,1
20525538738,PRIVADA,1,Consumer,1,209,15.61,2,0
20504898173,PRIVADA,1,Energy,1,1502,10.32,2,0
20471744493,PRIVADA,1,Engineering & Construction,1,153,20.45,2,0
20511995028,PRIVADA,1,Energy,1,444,20.45,2,0
20510579454,PRIVADA,1,Retail,1,316,-6.16,2,0
20567129331,PRIVADA,1,Power & Utilities,1,6,261.32,2,1
20388853752,PRIVADA,1,Retail,1,398,7.03,2,0
20376729126,PRIVADA,1,Consumer,1,237,4.48,2,0
20294448544,PRIVADA,1,Engineering & Construction,1,19,4.48,2,0
20122138161,PRIVADA,1,Retail,3,498,4.48,2,0
20433661495,PRIVADA,1,Engineering & Construction,1,226,21.84,2,0
20232236273,PUBLICA,1,Power & Utilities,1,114,7.1,2,0
20467675436,PRIVADA,1,Retail,1,1057,4.48,2,1
20454276761,PRIVADA,1,Business Services,1,1479,26.95,2,0
20552504641,PRIVADA,1,Telecommunications,1,299,22.91,2,0
20550330050,PRIVADA,1,Consumer,1,1391,16.07,2,1
20100002621,PRIVADA,1,Consumer,1,224,7.1,2,0
20537698889,PRIVADA,1,Power & Utilities,1,5,-32.77,2,1
20104582428,PRIVADA,1,"Forest, Paper & Packaging",2,163,4.48,2,1
20517182673,PRIVADA,1,Health Services,1,137,-8.99,2,0
20543847420,PRIVADA,1,Chemicals,1,26,41.2,2,0
20510169043,PRIVADA,1,Business Services,1,55,13.91,2,0
20100211034,PUBLICA,1,Power & Utilities,12,683,16,2,0
20462527137,PRIVADA,1,Business Services,5,2101,7.1,2,0
20100075858,PRIVADA,1,Energy,1,232,7.2,2,0
20563120135,PRIVADA,1,Consumer,1,215,-5.75,2,1
20156399036,PRIVADA,1,Media & Entertainment,1,0,59.58,2,1
20352427081,PRIVADA,1,Power & Utilities,1,0,-9.55,2,0
20418108151,PRIVADA,1,Consumer,2,2184,7.03,2,1
20505670443,PRIVADA,1,Hospitality & Leisure,1,1518,7.1,2,1
20518257723,PRIVADA,1,Telecommunications,1,52,25.94,2,1
20100146895,PRIVADA,1,Engineering & Construction,2,1441,4.53,2,0
20305556786,PRIVADA,1,Media & Entertainment,1,419,108.84,2,0
20329973256,PRIVADA,1,Energy,12,218,11.48,2,0
20501827623,PRIVADA,1,Business Services,26,1312,16,2,0
20100727359,PRIVADA,1,Engineering & Construction,2,95,4.48,2,0
20481121966,PRIVADA,1,Consumer,1,1784,22.86,2,0
20101085199,PRIVADA,1,"Forest, Paper & Packaging",2,429,8.3,2,1
20438563084,PRIVADA,1,Banking & Capital Markets,3,484,22.86,2,0
20100006376,PRIVADA,1,Engineering & Construction,1,77,12.88,2,1
20104860762,PRIVADA,1,Retail,1,46,4.18,2,0
20271522950,PRIVADA,1,Retail,1,259,12.88,2,0
20479354406,PRIVADA,1,Retail,1,564,2.24,2,0
20512081372,PRIVADA,1,Energy,1,95,19.24,2,0
20110963875,PRIVADA,1,Automotive,8,551,18.14,2,0
20100362598,PUBLICA,1,Business Services,1,8058,1.7,2,0
20544353714,PRIVADA,1,Retail,2,395,13.15,2,1
20135072797,PRIVADA,1,Manufacturing,1,343,19.63,2,0
20123053037,PRIVADA,1,Retail,1,97,-3.73,2,0
20175642341,PRIVADA,1,Energy,1,255,23,2,0
20502445805,PRIVADA,1,Energy,2,349,13.68,2,0
20103365628,PRIVADA,1,Engineering & Construction,1,315,18.18,2,0
20519305098,PRIVADA,1,Engineering & Construction,1,111,22.88,2,0
20381235051,PRIVADA,1,Hospitality & Leisure,1,1676,14.15,2,0
20117431615,PRIVADA,1,Retail,3,96,22.86,2,0
20536742248,PRIVADA,1,Power & Utilities,1,0,4.5,2,0
20100067910,PRIVADA,1,Consumer,5,684,4.18,2,0
20100176964,PRIVADA,1,Health Services,1,809,12.88,2,0
20507646051,PRIVADA,1,Transportation & Logistics,1,282,22.6,2,0
20101976867,PRIVADA,1,Consumer,1,621,4.18,2,1
20520929658,PRIVADA,1,Engineering & Construction,1,19,24.03,2,1
20394077101,PRIVADA,1,Retail,1,398,22.86,2,0
20511315922,PRIVADA,1,Asset & Wealth Management,1,444,8.3,2,0
20173223626,PRIVADA,1,Engineering & Construction,1,456,2.24,2,0
20505506481,PRIVADA,1,Engineering & Construction,2,236,12.87,2,0
20371828851,PRIVADA,1,Business Services,1,338,13.11,2,0
20509959766,PRIVADA,1,Banking & Capital Markets,1,90,22.86,2,0
20514513172,PRIVADA,1,Transportation & Logistics,1,458,5.01,2,1
20254305066,PRIVADA,1,Chemicals,1,177,4.5,2,0
20215528791,PRIVADA,1,Engineering & Construction,1,224,9.07,2,0
20507850091,PRIVADA,1,Business Services,1,783,18.49,2,0
20511271453,PRIVADA,1,Transportation & Logistics,1,99,14.48,2,0
20429350264,PRIVADA,1,Transportation & Logistics,1,830,0.74,2,1
20417531026,PRIVADA,1,Retail,1,558,14.37,2,0
20421239275,PRIVADA,1,Education - National,4,1346,14.37,2,1
20138122256,PRIVADA,1,Education - National,1,2021,4.59,2,0
20100369509,PRIVADA,1,Engineering & Construction,1,109,51.78,2,1
20337889167,PRIVADA,1,Health Services,1,1169,9.07,2,0
20438933272,PRIVADA,1,Transportation & Logistics,1,1410,18.58,2,0
20503371899,PRIVADA,1,Business Services,1,117,18.49,2,1
20466316505,PRIVADA,1,Engineering & Construction,1,849,378.67,2,0
20453919651,PRIVADA,1,Automotive,1,143,14.37,2,0
20100047137,PRIVADA,1,Retail,3,149,9.11,2,0
20102306598,PRIVADA,1,Energy,1,14,14.13,2,0
20514720127,PRIVADA,1,Retail,1,14,0.67,2,1
20483998270,PRIVADA,1,Automotive,1,276,-1.76,2,0
20548838461,PRIVADA,1,Engineering & Construction,1,452,33.3,2,0
20100134617,PRIVADA,1,Retail,1,295,4.59,2,0
20555837659,PRIVADA,1,Consumer,1,998,32.5,2,0
20475309899,PRIVADA,1,Consumer,1,141,9.11,2,0
20526938535,PRIVADA,1,Media & Entertainment,1,1260,4.59,2,0
20510430655,PRIVADA,1,Retail,1,36,35.53,2,1
20452613361,PRIVADA,1,Retail,5,18,15.26,2,0
20305882071,PRIVADA,1,Consumer,1,19,15.06,2,0
20521679574,PRIVADA,1,Manufacturing,1,378,18.49,2,0
20293670600,PRIVADA,1,Retail,1,80,2.58,2,1
20531321970,PRIVADA,1,Retail,1,222,9.11,2,0
20522473571,PRIVADA,1,Transportation & Logistics,1,166,18.58,2,1
20222335052,PRIVADA,1,Consumer,2,126,18.58,2,1
20100141583,PRIVADA,1,Chemicals,2,193,0.81,2,0
20563249766,PRIVADA,1,Transportation & Logistics,1,144,4.59,2,0
20493437365,PRIVADA,1,Engineering & Construction,1,42,0.74,2,0
20133840533,PUBLICA,1,"Central, National, Federal Government",16,0,-26,2,0
20432405525,PRIVADA,1,Banking & Capital Markets,1,348,14.37,2,1
20381034071,PRIVADA,1,Engineering & Construction,1,25,14.13,2,1
20525413447,PRIVADA,1,Consumer,1,1868,19.07,2,0
20516702649,PRIVADA,1,Consumer,1,613,14.13,2,0
20136492277,PRIVADA,1,Media & Entertainment,1,493,12.94,2,0
20600529481,PRIVADA,1,Consumer,1,2010,169.11,2,1
20294560204,PRIVADA,1,Automotive,2,239,13.8,2,0
20399497257,PRIVADA,1,Retail,1,882,3.34,2,0
20515346113,PRIVADA,1,Retail,1,509,17.03,2,0
20258937784,PRIVADA,1,Transportation & Logistics,1,55,7.8,2,0
20467463684,PRIVADA,1,Engineering & Construction,1,563,86.17,2,0
20334766714,PRIVADA,1,Hospitality & Leisure,1,600,-0.82,2,1
20258699239,PRIVADA,1,Metals and Mining,1,488,13.8,2,0
20516045397,PRIVADA,1,Retail,1,180,13.23,2,0
20101260373,PRIVADA,1,Retail,1,218,7.85,2,0
20344818909,PRIVADA,1,Education - National,5,2861,4.43,2,0
20106876321,PRIVADA,1,Chemicals,1,191,7.8,2,0
20537259613,PRIVADA,1,Chemicals,1,17,50.44,2,0
20397609082,PRIVADA,1,Engineering & Construction,1,40,31.04,2,0
20602237525,PRIVADA,1,Retail,1,0,86.17,2,0
20260344341,PRIVADA,1,Pharma & Life Sciences ,1,120,-14.5,2,1
20600108272,PRIVADA,1,Business Services,1,2172,17.03,2,0
20518509391,PRIVADA,1,Business Services,1,1151,233.19,2,0
20515339508,PRIVADA,1,Automotive,1,45,62.97,2,0
20526317930,PRIVADA,1,Consumer,1,292,33.88,2,0
20100166144,PRIVADA,1,Consumer,1,341,12.94,2,0
20291490388,PRIVADA,1,Energy,1,18,17.03,2,0
20504629199,PRIVADA,1,Business Services,1,657,7.8,2,0
20537004381,PRIVADA,1,Retail,1,256,3.34,2,0
20600896033,CONSORCIO,1,Engineering & Construction,1,42,391.83,2,0
20268784625,PRIVADA,1,Consumer,4,183,13.1,2,0
20545286719,PRIVADA,1,Engineering & Construction,1,50,236.94,2,0
20337771085,PRIVADA,1,Media & Entertainment,1,633,3.52,2,0
20548704261,PRIVADA,1,Transportation & Logistics,1,90,31.04,2,1
20388829452,PRIVADA,1,Hospitality & Leisure,1,1403,12.79,2,0
20116225779,PRIVADA,1,Consumer,2,1307,-7.46,2,0
20100171814,PRIVADA,1,Manufacturing,2,434,4.43,2,0
20511584079,PRIVADA,1,Energy,1,358,7.75,2,0
20505234970,PRIVADA,1,Consumer,1,31,13.8,2,1
20100265479,PRIVADA,1,Engineering & Construction,1,45,8.7,2,0
20147960612,PRIVADA,1,Engineering & Construction,1,923,12.55,2,0
20550849551,PRIVADA,1,Engineering & Construction,1,1066,12.55,2,0
20301409151,PRIVADA,1,Retail,1,245,7.84,2,0
20100202124,PRIVADA,1,Automotive,1,240,25.46,2,0
20556406881,PRIVADA,1,Technology,1,113,62.72,2,1
20101717098,PRIVADA,1,Consumer,2,519,9.03,2,1
20443108131,PRIVADA,1,Automotive,3,66,3.07,2,0
20322445564,PRIVADA,1,Banking & Capital Markets,1,811,25.94,2,1
20177395227,PRIVADA,1,Education - National,1,1306,11.93,2,0
20410065364,PRIVADA,1,Consumer,1,389,25.46,2,0
20424580237,PRIVADA,1,Transportation & Logistics,1,667,4.38,2,0
20376289215,PRIVADA,1,Hospitality & Leisure,1,1641,11.93,2,1
20423925028,PRIVADA,1,Consumer,2,1588,7.84,2,0
20132062448,PRIVADA,1,Transportation & Logistics,2,805,8.1,2,0
20504645984,PRIVADA,1,Business Services,1,733,-1.11,2,0
20100049857,PRIVADA,1,Retail,2,230,12.55,2,0
20550948029,PRIVADA,1,Consumer,1,1663,3.07,2,0
20101087647,PRIVADA,1,Hospitality & Leisure,1,1944,7.84,2,0
20513250445,PRIVADA,1,Business Services,1,1480,8.7,2,0
20502976169,PRIVADA,1,Manufacturing,1,532,13.35,2,0
20101031773,PRIVADA,1,Retail,1,569,11.93,2,0
20131911310,PUBLICA,1,Power & Utilities,1,600,11.93,2,0
20100183588,PRIVADA,1,Retail,1,75,11.93,2,0
20502656334,PRIVADA,1,Metals and Mining,1,176,-4.76,2,0
20100004322,PRIVADA,1,Manufacturing,1,404,8.7,2,1
20512780114,PRIVADA,1,Engineering & Construction,1,292,25.46,2,0
20489174023,PRIVADA,1,Engineering & Construction,2,138,7.84,2,0
20601197503,PRIVADA,1,Business Services,1,12,8.1,2,0
20375361991,PRIVADA,1,Banking & Capital Markets,1,177,11.93,2,1
20473806186,PRIVADA,1,Retail,1,82,25.94,2,1
20194627492,PRIVADA,1,Consumer,1,159,11.93,2,0
20450137821,PRIVADA,1,Consumer,2,156,9.03,2,0
20100202396,PRIVADA,1,Automotive,2,290,-1.16,2,0
20510636946,PRIVADA,1,Metals and Mining,1,497,49.1,2,0
20425567935,PRIVADA,1,Engineering & Construction,1,419,33.32,2,0
20128836170,PRIVADA,1,Retail,1,296,-0.95,2,0
20450733351,PRIVADA,1,Chemicals,1,15,24.76,2,0
20503141389,PRIVADA,1,Retail,1,218,7.55,2,0
20472498305,PRIVADA,1,Consumer,1,720,-5.04,2,0
20100287791,PRIVADA,1,Pharma & Life Sciences ,3,11,21.56,2,0
20523273851,PRIVADA,1,Business Services,2,3423,21.56,2,1
20211040352,PRIVADA,1,Retail,1,87,7.55,2,0
20484094668,PRIVADA,1,Transportation & Logistics,1,150,-0.95,2,0
20510556594,PRIVADA,1,Consumer,1,19,21.56,2,1
20600939158,PRIVADA,1,Retail,1,81,19.94,2,0
20502129806,PRIVADA,1,Transportation & Logistics,2,59,4.32,2,0
20100274621,PRIVADA,1,Retail,2,296,3.46,2,0
20100082633,PRIVADA,1,Retail,4,423,3.46,2,1
20184778824,PRIVADA,1,Business Services,1,158,4.32,2,0
20550858461,PRIVADA,1,Consumer,1,3612,65.96,2,0
20601739942,PRIVADA,1,Retail,1,0,194.26,2,0
20555190132,PRIVADA,1,Manufacturing,1,510,7.55,2,0
20601731054,CONSORCIO,1,Engineering & Construction,1,0,108.28,2,0
20509983985,PRIVADA,1,Transportation & Logistics,1,774,3.46,2,0
20517049086,PRIVADA,1,Power & Utilities,1,15,7.55,2,1
20539627938,PRIVADA,1,Metals and Mining,1,106,21.56,2,0
20508108282,PRIVADA,1,Consumer,1,5,21.56,2,0
20551464971,PRIVADA,1,Asset & Wealth Management,1,207,19.94,2,0
20517738701,PRIVADA,1,Health Services,1,871,7.55,2,0
20543997740,PRIVADA,1,Transportation & Logistics,1,4,199.65,2,0
20100136661,PRIVADA,1,Asset & Wealth Management,1,0,19.94,2,0
20307758645,PRIVADA,1,Consumer,2,2871,21.56,2,0
20103913340,PRIVADA,1,Retail,1,195,-1.16,2,0
20100135699,PRIVADA,1,Engineering & Construction,1,646,7.55,2,0
20100102171,PRIVADA,1,Metals and Mining,1,280,4.32,2,0
20515349309,PRIVADA,1,Consumer,1,2486,16.27,2,0
20600807685,PRIVADA,1,Consumer,1,0,203.24,2,0
20601961009,PRIVADA,1,Engineering & Construction,1,0,68.14,2,1
20601235545,CONSORCIO,1,Engineering & Construction,1,0,5.16,2,1
20392952455,PRIVADA,1,Transportation & Logistics,1,153,238.86,2,0
20392952455,PRIVADA,1,Transportation & Logistics,1,153,238.86,2,0
20509629111,PRIVADA,1,Pharma & Life Sciences ,1,44,5.16,2,1
20100076072,PRIVADA,1,Transportation & Logistics,1,716,18.65,2,0
20101414940,PRIVADA,1,Consumer,1,910,16.27,2,0
20523155572,PRIVADA,1,Asset & Wealth Management,1,119,176.98,2,0
20304269759,PRIVADA,1,Business Services,2,3338,4.64,2,0
20253319403,PRIVADA,1,Transportation & Logistics,2,96,4.64,2,0
20267178331,PRIVADA,1,Retail,1,119,5.16,2,0
20503630827,PRIVADA,1,Business Services,1,5150,-7.96,2,0
20492392031,PRIVADA,1,Transportation & Logistics,1,559,35.29,2,0
20206228815,PRIVADA,1,Consumer,1,15,54.84,2,0
20100065038,PRIVADA,1,Chemicals,1,301,4.64,2,0
20258886420,PRIVADA,1,Retail,1,313,4.64,2,0
20123531389,PRIVADA,1,Engineering & Construction,13,219,5.16,2,1
20388738228,PRIVADA,1,Consumer,1,38,4.64,2,0
20140441083,PRIVADA,1,Automotive,1,9,0.55,2,0
20301821388,PRIVADA,1,Engineering & Construction,5,18,18.65,2,0
20555189631,PRIVADA,1,Manufacturing,1,751,4.64,2,0
20517584399,PRIVADA,1,Technology,1,28,29.64,2,1
20136836545,PRIVADA,1,Engineering & Construction,1,165,16.27,2,0
20601762219,PRIVADA,1,Automotive,1,0,186.3,2,0
20100132916,PRIVADA,1,Engineering & Construction,2,389,5.16,2,0
20349287111,PRIVADA,1,Education - National,1,430,308.44,2,1
20114106691,PRIVADA,1,Retail,1,362,75.98,2,0
20407077785,PRIVADA,1,Retail,1,150,4.64,2,0
20478154284,PRIVADA,1,Engineering & Construction,1,263,55.97,2,0
20500929252,PRIVADA,1,Engineering & Construction,1,100,16.27,2,0
20171586608,PRIVADA,1,Retail,1,2,163.72,2,0
20119207640,PRIVADA,1,Energy,1,14,16.27,2,0
20494711223,PRIVADA,1,Consumer,1,18,16.27,2,0
20104902864,PRIVADA,1,Consumer,1,1369,16.27,2,0
20259171891,PRIVADA,1,Transportation & Logistics,1,41,-4.07,2,1
20479729141,PRIVADA,1,Transportation & Logistics,1,590,16.27,2,0
20505561318,PRIVADA,1,Consumer,1,212,45.42,2,0
20159475191,PRIVADA,1,Consumer,2,247,4.64,2,0
20106522783,PRIVADA,1,Retail,1,83,20.13,2,0
20132272418,PRIVADA,1,Transportation & Logistics,2,849,16.27,2,0
20338048905,PRIVADA,1,Retail,1,17,4.64,2,0
20520596233,PRIVADA,1,Business Services,1,2543,30.75,2,1
20496651481,PRIVADA,1,Energy,1,69,4.64,2,0
20101759688,PRIVADA,1,Automotive,1,218,16.27,2,0
20100055318,PRIVADA,1,Manufacturing,1,242,35.29,2,0
20273155938,PRIVADA,1,Consumer,1,16,11.31,2,0
20504312403,PRIVADA,1,Pharma & Life Sciences ,1,96,16.27,2,0
20469317855,PRIVADA,1,Retail,2,88,5.16,2,0
20106076635,PRIVADA,1,Transportation & Logistics,3,1195,5.16,2,0
20100084768,PRIVADA,1,Automotive,2,389,-4.07,2,0
20100717124,PRIVADA,1,Business Services,1,2780,18.65,2,0
20101071562,PRIVADA,1,Business Services,1,550,4.64,2,1
20505880171,PRIVADA,1,Energy,1,69,4.64,2,0
20302012645,PRIVADA,1,Business Services,1,14,23.68,2,0
20102187211,PRIVADA,1,Business Services,1,3720,29.64,2,0
20100171229,PRIVADA,1,Consumer,1,376,5.16,2,0
20508853727,PRIVADA,1,Metals and Mining,1,242,16.27,2,0
20534634952,PRIVADA,1,Metals and Mining,1,16,99.31,2,0
20600849019,PRIVADA,1,Engineering & Construction,1,124,4.64,2,0
20100177341,PRIVADA,1,Pharma & Life Sciences ,4,89,4.64,2,0
20530932487,PRIVADA,1,Retail,2,17,4.64,2,0
20515164945,PRIVADA,1,Transportation & Logistics,1,160,4.64,2,1
20105367407,PRIVADA,1,Retail,1,167,4.64,2,0
20293774308,PRIVADA,1,Automotive,1,208,-7.96,2,0
20516511975,PRIVADA,1,Power & Utilities,2,269,4.64,2,0
20514831620,PRIVADA,1,Engineering & Construction,2,75,1.41,2,0
20100118760,PRIVADA,1,Banking & Capital Markets,2,231,5.16,2,0
20485180797,PRIVADA,1,Retail,1,378,1.41,2,0
20510049226,PRIVADA,1,Transportation & Logistics,1,90,16.27,2,0
20347646891,PRIVADA,1,Transportation & Logistics,1,18,0.55,2,0
20518128249,PRIVADA,1,Engineering & Construction,1,89,227.23,2,0
20440376704,PRIVADA,1,Automotive,2,145,4.64,2,0
20522547957,PRIVADA,1,Transportation & Logistics,1,30,5.16,2,1
20600586824,PRIVADA,1,Hospitality & Leisure,1,858,30.75,2,0
20502257634,PRIVADA,1,Consumer,3,5,16.27,2,0
20519260485,PRIVADA,1,Business Services,1,5246,4.64,2,0
20600050118,PRIVADA,1,Chemicals,1,12,125.7,2,0
20600612922,PRIVADA,1,Retail,1,80,5.16,2,0
20547416776,PRIVADA,1,Media & Entertainment,1,215,2.6,2,0
20100097746,PRIVADA,1,Consumer,1,132,0.55,2,0
20131609290,PRIVADA,1,Retail,1,82,5.16,2,0
20492185087,PRIVADA,1,Transportation & Logistics,1,87,16.27,2,0
20329725431,PRIVADA,1,Consumer,3,2117,35.52,2,1
20600004027,PRIVADA,1,Retail,1,19,68.14,2,0
20275873480,PRIVADA,1,Transportation & Logistics,1,168,4.64,2,0
20508634090,PRIVADA,1,Retail,1,16,5.16,2,0
20101637221,PRIVADA,1,Consumer,1,228,5.16,2,0
20432861539,PRIVADA,1,Education - National,2,1695,29.64,2,0
20518791983,PRIVADA,1,"Forest, Paper & Packaging",1,266,16.27,2,1
20100142041,PRIVADA,1,Transportation & Logistics,1,0,16.27,2,1
20293331066,PRIVADA,1,Retail,1,196,4.64,2,0
20481608598,PRIVADA,1,Retail,1,71,16.27,2,0
20305673669,PRIVADA,1,Consumer,1,56,43.28,2,0
20512453857,PRIVADA,1,Transportation & Logistics,2,17,29.64,2,0
20129588463,PRIVADA,1,Education - National,1,2273,1.41,2,0
20509031500,PRIVADA,1,Transportation & Logistics,1,118,16.27,2,0
20522228347,PRIVADA,1,Business Services,1,3517,16.27,2,1
20537212145,PRIVADA,1,Automotive,1,62,5.16,2,0
20306781252,PRIVADA,1,Consumer,1,511,16.27,2,0
20330822661,PRIVADA,1,Retail,1,24,54.84,2,0
20507884823,PRIVADA,1,Engineering & Construction,1,94,16.27,2,0
20506392234,PRIVADA,1,"Forest, Paper & Packaging",1,283,30.75,2,0
20100057523,PRIVADA,1,Manufacturing,1,357,5.16,2,0
20538827224,PRIVADA,1,Engineering & Construction,1,162,30.75,2,0
20505688903,PRIVADA,1,Consumer,1,7032,35.29,2,0
20308430457,PRIVADA,1,Metals and Mining,1,146,30.75,2,0
20505018509,PRIVADA,1,Health Services,1,819,16.27,2,0
20377674686,PRIVADA,1,Energy,1,6,16.27,2,0
20549929631,PRIVADA,1,Chemicals,1,8,30.75,2,0
20147720492,PRIVADA,1,Health Services,1,292,16.27,2,0
20503727405,PRIVADA,1,Retail,1,121,30.75,2,0
20556302911,PRIVADA,1,Telecommunications,1,509,65.96,2,0
20546301312,PRIVADA,1,Engineering & Construction,1,80,200.52,2,1
20502629876,PRIVADA,1,Retail,1,104,5.16,2,0
20133932730,PRIVADA,1,Automotive,2,54,20.13,2,0
20522199495,PRIVADA,1,Engineering & Construction,1,86,5.16,2,0
20128847881,PRIVADA,1,Transportation & Logistics,1,48,5.16,2,0
20492376931,PRIVADA,1,Banking & Capital Markets,1,0,284.79,2,1
20526005610,PRIVADA,1,Consumer,1,14,72.45,2,1
20393177706,PRIVADA,1,Consumer,4,208,30.75,2,1
20168805072,PRIVADA,1,Retail,1,406,4.64,2,1
20254556654,PRIVADA,1,Engineering & Construction,1,587,45.42,2,0
20524506166,PRIVADA,1,Retail,1,74,1.41,2,1
20100136318,PRIVADA,1,Asset & Wealth Management,1,0,4.64,2,0
20385739771,PRIVADA,1,Business Services,1,970,18.65,2,0
20510069251,PRIVADA,1,Retail,1,574,18.65,2,0
20466776336,PRIVADA,1,Engineering & Construction,6,343,5.16,2,0
20339309761,PRIVADA,1,Asset & Wealth Management,1,8,18.65,2,0
20327397258,PRIVADA,1,Metals and Mining,2,167,1.41,2,1
20523470761,PRIVADA,1,Health Services,1,250,5.16,2,0
20100068649,PRIVADA,1,Consumer,1,219,1.41,2,0
20451060393,PRIVADA,1,Consumer,1,454,4.64,2,0
20100522030,PRIVADA,1,Retail,1,66,46.05,2,0
20600559681,PRIVADA,1,Engineering & Construction,1,332,43.65,2,1
20132373524,PRIVADA,1,Engineering & Construction,2,562,35.52,2,0
20501864405,PRIVADA,1,Retail,1,124,16.27,2,1
20601315051,PRIVADA,1,Asset & Wealth Management,1,70,-25.82,2,0
20563614723,PRIVADA,1,Consumer,1,33,202.38,2,1
20348067053,PRIVADA,1,Banking & Capital Markets,1,783,5.16,2,0
20341848955,PRIVADA,1,Hospitality & Leisure,1,671,4.64,2,1
20394862704,PRIVADA,1,Consumer,2,213,30.75,2,0
20100227895,PRIVADA,1,Transportation & Logistics,2,261,16.27,2,0
20124148970,PRIVADA,1,Banking & Capital Markets,1,542,2.6,2,1
20122720650,PRIVADA,1,Manufacturing,1,406,18.65,2,0
20505174896,PRIVADA,1,Metals and Mining,1,339,5.16,2,0
20424044203,PRIVADA,1,Hospitality & Leisure,5,618,4.64,2,1
20521308321,PRIVADA,1,Banking & Capital Markets,1,747,5.16,2,0
20508528656,PRIVADA,1,Consumer,1,132,5.16,2,0
20103744211,PRIVADA,1,Energy,19,618,35.52,2,0
20205605500,PRIVADA,1,Hospitality & Leisure,1,1030,4.64,2,1
20325493811,PRIVADA,1,Power & Utilities,1,46,4.64,2,0
20191503482,PRIVADA,1,Transportation & Logistics,2,205,5.16,2,1
20111740438,PRIVADA,1,Engineering & Construction,1,147,4.64,2,0
20417573705,PRIVADA,1,Engineering & Construction,1,116,68.14,2,0
20458362077,PRIVADA,1,Telecommunications,1,13,4.64,2,0
20106785288,PRIVADA,1,Hospitality & Leisure,5,394,-7.96,2,0
20423264617,PRIVADA,1,Asset & Wealth Management,1,113,0.55,2,0
20100074029,PRIVADA,1,Transportation & Logistics,10,1280,0.55,2,0
20100165504,PRIVADA,1,Pharma & Life Sciences ,2,38,73.04,2,1
20104505784,PRIVADA,1,Consumer,2,203,14.54,2,1
20523833589,PRIVADA,1,Business Services,1,14,-4.9,2,0
20537464543,PRIVADA,1,Business Services,1,186,14.54,2,1
20538728757,PRIVADA,1,Metals and Mining,1,253,3.92,2,0
20205572229,PRIVADA,1,Consumer,1,485,37.1,2,0
20100134455,PRIVADA,1,Education - National,1,1049,-7.71,2,1
20207190285,PRIVADA,1,Retail,1,44,3.39,2,0
20531521987,PRIVADA,1,Hospitality & Leisure,1,613,3.92,2,1
20503180449,PRIVADA,1,Business Services,1,360,43.74,2,0
20334089941,PRIVADA,1,Manufacturing,1,62,3.39,2,0
20100131863,PRIVADA,1,Retail,4,121,-14.62,2,0
20138998780,PRIVADA,1,Consumer,6,612,3.39,2,0
20515552520,PRIVADA,1,Retail,1,11,3.39,2,0
20554085131,PRIVADA,1,Telecommunications,1,3,105.8,2,0
20515774182,PRIVADA,1,Retail,1,658,3.92,2,0
20100179807,PRIVADA,1,Metals and Mining,2,305,14.54,2,0
20101098681,PRIVADA,1,Health Services,2,743,3.92,2,0
20100160375,PRIVADA,1,Consumer,2,540,27.07,2,0
20505897812,PRIVADA,1,Hospitality & Leisure,1,1362,3.92,2,0
20529945192,PRIVADA,1,Consumer,1,16,106.52,2,0
20231843460,PRIVADA,1,Hospitality & Leisure,3,532,16.42,2,1
20506602069,PRIVADA,1,Engineering & Construction,3,56,14.54,2,0
20502846460,PRIVADA,1,Engineering & Construction,1,72,81.95,2,0
20100041520,PRIVADA,1,Retail,1,315,3.39,2,0
20475428634,PRIVADA,1,Engineering & Construction,3,332,52.05,2,0
20100006538,PRIVADA,1,Retail,2,330,3.39,2,0
20502765206,PRIVADA,1,Metals and Mining,1,1065,14.54,2,0
20259814210,PRIVADA,1,Transportation & Logistics,1,118,3.39,2,0
20226804553,PRIVADA,1,Automotive,1,64,16.42,2,0
20397320171,PRIVADA,1,Retail,1,84,3.92,2,0
20351410061,PRIVADA,1,Consumer,1,193,-7.71,2,0
20483957590,PRIVADA,1,Consumer,1,253,32.54,2,0
20103668876,PRIVADA,1,Retail,1,78,3.39,2,0
20459980963,PRIVADA,1,Hospitality & Leisure,1,426,-7.71,2,0
20168702346,PRIVADA,1,Energy,1,184,16.77,2,1
20334403166,PRIVADA,1,Retail,1,134,14.54,2,0
20110133091,PRIVADA,1,Retail,1,18,27.57,2,0
20513118849,PRIVADA,1,Consumer,2,54,14.54,2,0
20517932346,PRIVADA,1,Consumer,1,116,3.92,2,0
20110343907,PRIVADA,1,Retail,1,227,27.07,2,0
20479748102,PRIVADA,1,Education - National,1,1157,3.39,2,0
20100313899,PRIVADA,1,Engineering & Construction,3,412,27.07,2,0
20536473751,PRIVADA,1,Metals and Mining,1,30,45.12,2,0
20383773378,PRIVADA,1,Retail,1,263,-7.71,2,0
20416634212,PRIVADA,1,Retail,1,88,-7.71,2,0
20138651917,PRIVADA,1,Engineering & Construction,10,324,16.77,2,0
20564172066,PRIVADA,1,Chemicals,1,0,193.36,2,0
20600098633,PRIVADA,1,Insurance,1,28,37.1,2,1
20207770796,PRIVADA,1,Retail,1,109,14.54,2,1
20600180631,PRIVADA,1,Consumer,1,751,45.12,2,0
20100063680,PRIVADA,1,Manufacturing,1,169,3.39,2,0
20537742373,PRIVADA,1,Telecommunications,1,19,16.77,2,0
20196629000,PRIVADA,1,Manufacturing,2,2,-0.29,2,0
20498168125,PRIVADA,1,Engineering & Construction,1,30,3.39,2,0
20519033233,PRIVADA,1,Automotive,1,0,-7.71,2,0
20100898242,PRIVADA,1,Consumer,1,472,14.54,2,0
20545481333,PRIVADA,1,Retail,1,7,73.04,2,0
20167930868,PRIVADA,1,Automotive,1,164,3.39,2,0
20508818221,PRIVADA,1,Technology,1,33,27.07,2,0
20256136865,PRIVADA,1,Transportation & Logistics,170,1777,3.39,2,0
20516390060,PRIVADA,1,Asset & Wealth Management,1,181,3.92,2,0
20507939580,PRIVADA,1,Manufacturing,1,133,27.07,2,0
20516556561,PRIVADA,1,Energy,1,77,-7.71,2,1
20514811271,PRIVADA,1,Retail,1,456,3.39,2,0
20454067682,PRIVADA,1,Engineering & Construction,1,121,14.54,2,0
20228985237,PRIVADA,1,Energy,1,129,3.92,2,0
20507656367,PRIVADA,1,Energy,1,4,-7.71,2,0
20601322481,PRIVADA,1,Retail,1,10,55.26,2,0
20520869655,PRIVADA,1,Education - National,1,1153,14.54,2,0
20231266993,PRIVADA,1,Energy,2,60,27.07,2,0
20600825187,PRIVADA,1,Insurance,1,84,42.68,2,0
20501730468,PRIVADA,1,Automotive,2,18,14.54,2,0
20508782013,PRIVADA,1,Transportation & Logistics,2,119,14.54,2,0
20555763868,PRIVADA,1,Consumer,1,215,101.67,2,0
20100216346,PRIVADA,1,Automotive,1,169,-7.71,2,0
20550205409,PRIVADA,1,Business Services,1,154,3.92,2,0
20541349082,PRIVADA,1,Transportation & Logistics,1,96,27.18,2,0
20103134065,PRIVADA,1,Retail,1,74,3.92,2,0
20600224663,PRIVADA,1,Transportation & Logistics,1,21,37.1,2,0
20221259581,PRIVADA,1,Engineering & Construction,1,1207,3.39,2,0
20547737904,PRIVADA,1,Business Services,1,0,164.07,2,0
20462262087,PRIVADA,1,Retail,1,57,16.42,2,0
20466246370,PRIVADA,1,Education - National,1,881,14.54,2,0
20297995635,PRIVADA,1,Transportation & Logistics,1,46,3.39,2,1
20454063423,PRIVADA,1,Retail,1,14,14.54,2,0
20434327611,PRIVADA,1,Retail,6,38,-7.71,2,0
20447844835,PRIVADA,1,Metals and Mining,1,209,96.28,2,0
20601591619,PRIVADA,1,Transportation & Logistics,1,13,66.65,2,0
20477683810,PRIVADA,1,Automotive,1,104,27.07,2,0
20505243537,PRIVADA,1,Retail,1,36,-2.03,2,0
20127705969,PRIVADA,1,Business Services,11,149,27.07,2,0
20100023203,PRIVADA,1,Transportation & Logistics,1,1084,14.54,2,0
20469962246,PRIVADA,1,Engineering & Construction,1,454,38.63,2,0
20101312608,PRIVADA,1,Retail,1,234,16.42,2,0
20102297581,PRIVADA,1,Engineering & Construction,1,2027,20.75,2,0
20100352525,PRIVADA,1,Engineering & Construction,1,134,14.54,2,0
20100139848,PRIVADA,1,Manufacturing,1,250,14.54,2,0
20510498888,PRIVADA,1,Metals and Mining,1,14,13.68,2,0
20525893040,PRIVADA,1,Retail,1,14,42.68,2,0
20101313833,PRIVADA,1,Energy,2,95,14.54,2,0
20293583626,PRIVADA,1,Consumer,1,16,43.74,2,0
20101030882,PRIVADA,1,Retail,2,311,14.54,2,0
20102562322,PRIVADA,1,Retail,1,91,3.92,2,0
20537284723,PRIVADA,1,Business Services,1,136,27.18,2,0
20326764214,PRIVADA,1,Engineering & Construction,1,782,37.1,2,0
20513857218,PRIVADA,1,Metals and Mining,1,155,-7.71,2,0
20601377307,PRIVADA,1,Metals and Mining,1,30,72.87,2,0
20491877180,PRIVADA,1,Metals and Mining,1,15,39,2,0
20160641810,PRIVADA,1,Pharma & Life Sciences ,1,224,-4.9,2,1
20502042352,PRIVADA,1,Telecommunications,24,61,7.25,2,1
20100094216,CONSORCIO,1,Power & Utilities,3,196,94.84,2,0
20538529398,PRIVADA,1,Engineering & Construction,1,92,3.92,2,0
20100227542,PRIVADA,1,Consumer,2,2191,27.07,2,0
20512293639,PRIVADA,1,Engineering & Construction,1,434,3.92,2,0
20348511824,PRIVADA,1,Consumer,2,617,3.92,2,0
20507775889,PRIVADA,1,Health Services,1,155,14.54,2,0
20256192269,PRIVADA,1,Banking & Capital Markets,1,17,3.39,2,0
20513362162,PRIVADA,1,Engineering & Construction,1,0,78.24,2,0
20291939083,PRIVADA,1,Consumer,1,229,38.63,2,0
20348233671,PRIVADA,1,Business Services,1,277,3.92,2,1
20511129975,PRIVADA,1,Engineering & Construction,4,0,43.04,2,0
20302091766,PRIVADA,1,Engineering & Construction,1,483,-6.94,2,0
20523317815,PRIVADA,1,Retail,1,19,-4.9,2,1
20513640316,PRIVADA,1,Engineering & Construction,1,416,3.92,2,1
20255361695,PRIVADA,1,Pharma & Life Sciences ,1,202,3.92,2,0
20100123411,PRIVADA,1,Business Services,1,589,3.92,2,1
20553617627,PRIVADA,1,Education - National,1,794,43.04,2,1
20390724919,PRIVADA,1,Business Services,2,623,3.39,2,1
20516463121,PRIVADA,1,Retail,1,314,3.39,2,1
20304289512,PRIVADA,1,Business Services,1,2260,-4.9,2,0
20380122317,PRIVADA,1,Engineering & Construction,1,186,32.54,2,1
20100129028,PRIVADA,1,Pharma & Life Sciences ,1,95,16.77,2,1
20517930998,PRIVADA,1,Business Services,1,858,14.54,2,0
20392664310,PRIVADA,1,Consumer,1,64,-7.71,2,0
20601434335,PRIVADA,1,Metals and Mining,1,0,65.15,2,0
20266596805,PRIVADA,1,Engineering & Construction,1,38,14.54,2,0
20454332262,PRIVADA,1,Engineering & Construction,1,45,38.63,2,0
20340546653,PRIVADA,1,Business Services,1,552,27.07,2,1
20471505073,PRIVADA,1,Chemicals,1,55,27.07,2,0
20504644074,PRIVADA,1,Retail,1,102,27.57,2,0
20106903230,PRIVADA,1,Banking & Capital Markets,1,189,14.54,2,1
20383929050,PRIVADA,1,Automotive,1,114,-7.71,2,1
20318018856,PRIVADA,1,Consumer,1,4478,-12.42,2,0
20524263751,PRIVADA,1,Metals and Mining,1,6,115.05,2,0
20521119943,PRIVADA,1,Engineering & Construction,1,493,7.15,2,0
20100025168,PRIVADA,1,Retail,3,195,15.04,2,1
20464265504,PRIVADA,1,Chemicals,1,141,24.97,2,0
20466261255,PRIVADA,1,Technology,1,68,16.29,2,0
20511107734,PRIVADA,1,Asset & Wealth Management,1,31,130.18,2,0
20492093042,PRIVADA,1,Asset & Wealth Management,1,132,15.04,2,0
20100754755,PRIVADA,1,Engineering & Construction,2,36,53.19,2,0
20509089923,PRIVADA,1,Retail,1,167,-6.5,2,0
20513997222,PRIVADA,1,Consumer,1,34,11.35,2,0
20600508548,PRIVADA,1,Consumer,1,130,126.22,2,1
20537577232,PRIVADA,1,Transportation & Logistics,1,12,-6.5,2,0
20535936669,PRIVADA,1,Retail,1,161,4.28,2,0
20535936669,PRIVADA,1,Retail,1,161,4.28,2,0
20536924869,PRIVADA,1,Energy,1,269,41.78,2,0
20479513300,PRIVADA,1,Retail,1,89,24.71,2,0
20536624636,PRIVADA,1,Business Services,1,18,24.71,2,1
20125327509,PRIVADA,1,Automotive,8,76,16.29,2,0
20432280056,PRIVADA,1,Asset & Wealth Management,1,78,95.59,2,0
20218786261,PRIVADA,1,Consumer,1,88,4.28,2,0
20258908849,PRIVADA,1,Consumer,2,434,4.28,2,0
20501345122,PRIVADA,1,Retail,1,268,15.04,2,0
20329895352,PRIVADA,1,Retail,1,143,16.29,2,0
20388895757,PRIVADA,1,Retail,1,32,15.04,2,0
20263317573,PRIVADA,1,Retail,1,19,24.97,2,0
20397180817,PRIVADA,1,Pharma & Life Sciences ,1,81,4.28,2,0
20483894814,PRIVADA,1,Consumer,1,544,4.28,2,0
20417931393,PRIVADA,1,Transportation & Logistics,9,434,4.28,2,0
20514152137,PRIVADA,1,Retail,1,17,16.29,2,0
20100343887,PRIVADA,1,Retail,1,13,4.28,2,0
20563983176,PRIVADA,1,Retail,1,15,54.52,2,0
20471791068,PRIVADA,1,Manufacturing,1,271,4.12,2,0
20530897983,PRIVADA,1,Retail,1,162,4.12,2,0
20547530552,PRIVADA,1,Retail,1,555,29.45,2,1
20600593685,PRIVADA,1,Hospitality & Leisure,1,856,15.04,2,0
20530611681,PRIVADA,1,Consumer,1,124,24.97,2,0
20530611681,PRIVADA,1,Consumer,1,124,24.97,2,0
20100128137,PRIVADA,1,Retail,1,39,16.29,2,0
20125862561,PRIVADA,1,Business Services,2,2802,-0.61,2,0
20106896276,PRIVADA,1,Business Services,1,401,-6.5,2,1
20524045843,PRIVADA,1,Retail,1,323,15.04,2,0
20100074371,PRIVADA,1,Metals and Mining,2,279,4.12,2,0
20515319574,PRIVADA,1,Retail,1,95,24.71,2,1
20131529008,PRIVADA,1,Retail,5,94,24.97,2,0
20342868844,PRIVADA,1,Transportation & Logistics,1,314,-15.32,2,0
20535627101,PRIVADA,1,Technology,1,579,16.29,2,1
20601321948,PRIVADA,1,Metals and Mining,1,5,43.07,2,0
20510161069,PRIVADA,1,Consumer,1,220,24.97,2,0
20531505787,PRIVADA,1,Engineering & Construction,1,80,80.43,2,0
20481045500,PRIVADA,1,Retail,1,9,4.12,2,0
20506804524,PRIVADA,1,Engineering & Construction,1,176,101.26,2,0
20523163320,PRIVADA,1,Retail,1,54,7.15,2,0
20546801471,PRIVADA,1,Technology,1,29,15.04,2,0
20472567803,PRIVADA,1,Consumer,1,150,16.65,2,0
20419020606,PRIVADA,1,Business Services,1,93,-6.5,2,0
20261671914,PRIVADA,1,Consumer,1,108,30.54,2,0
20133877615,PRIVADA,1,Media & Entertainment,1,567,-15.32,2,0
20517262863,PRIVADA,1,Chemicals,1,18,4.12,2,0
20100025915,PRIVADA,1,Automotive,8,244,-4.84,2,1
20530811001,PRIVADA,1,Media & Entertainment,2,638,4.12,2,0
20537321190,PRIVADA,1,Retail,1,258,15.04,2,0
20102881690,PRIVADA,1,Consumer,1,298,16.65,2,0
20335315759,PRIVADA,1,Consumer,1,284,24.71,2,0
20523552903,PRIVADA,1,Energy,1,114,24.97,2,0
20523727550,PRIVADA,1,Metals and Mining,1,132,4.12,2,0
20601448875,PRIVADA,1,Consumer,1,10,30.54,2,0
20555257652,PRIVADA,1,Consumer,1,4,60.33,2,0
20507553711,PRIVADA,1,Retail,1,41,-6.5,2,0
20524821860,PRIVADA,1,Retail,1,93,-6.5,2,0
20525512267,PRIVADA,1,Consumer,1,263,28.21,2,0
20600131363,PRIVADA,1,Transportation & Logistics,1,28,16.65,2,1
20600756011,PRIVADA,1,Retail,1,52,4.28,2,0
20268214527,PRIVADA,1,Engineering & Construction,1,140,4.12,2,0
20517444465,PRIVADA,1,Chemicals,1,8,86.28,2,0
20502828992,PRIVADA,1,Consumer,1,160,69.82,2,0
20601096294,PRIVADA,1,Retail,1,69,51.5,2,0
20502510470,PRIVADA,1,Transportation & Logistics,1,90,15.04,2,0
20600965345,PRIVADA,1,Consumer,1,11,30.54,2,0
20458378747,PRIVADA,1,Energy,1,57,24.97,2,0
20100773628,PRIVADA,1,Retail,1,22,-4.84,2,0
20303115405,PRIVADA,1,Retail,1,13,15.04,2,0
20480099720,PRIVADA,1,Transportation & Logistics,1,76,15.04,2,0
20547132158,PRIVADA,1,Telecommunications,1,835,-0.61,2,0
20523194713,PRIVADA,1,Engineering & Construction,1,196,30.99,2,0
20513958839,PRIVADA,1,Engineering & Construction,1,69,41.7,2,0
20553346178,PRIVADA,1,Asset & Wealth Management,1,0,193.46,2,0
20486056569,PRIVADA,1,Retail,1,152,4.28,2,0
20523173716,PRIVADA,1,Asset & Wealth Management,2,22,4.28,2,1
20371463586,PRIVADA,1,Business Services,1,174,4.28,2,0
20429040583,PRIVADA,1,Manufacturing,1,195,30.54,2,0
20307235545,PRIVADA,1,Media & Entertainment,1,83,4.28,2,0
20452302951,PRIVADA,1,Consumer,1,934,7.15,2,0
20480880154,PRIVADA,1,Retail,1,107,15.04,2,0
20519161151,PRIVADA,1,Engineering & Construction,1,13,24.97,2,0
20538277721,PRIVADA,1,Retail,1,121,15.04,2,0
20511451354,PRIVADA,1,Consumer,1,273,15.04,2,0
20460879681,PRIVADA,1,Retail,1,157,4.28,2,0
20511313717,PRIVADA,1,Manufacturing,1,162,30.99,2,0
20108629909,PRIVADA,1,Retail,1,75,24.71,2,0
20525728600,PRIVADA,1,Manufacturing,1,48,48.93,2,0
20512217452,PRIVADA,1,Consumer,1,1227,29.45,2,0
20543886671,PRIVADA,1,Retail,1,21,41.7,2,0
20211377748,PRIVADA,1,Automotive,2,82,4.28,2,0
20550716675,PRIVADA,1,Energy,1,266,24.97,2,0
20508540605,PRIVADA,1,Engineering & Construction,1,172,136.31,2,0
20100364451,PRIVADA,1,Consumer,1,608,4.28,2,0
20552822006,PRIVADA,1,Transportation & Logistics,1,14,48.93,2,0
20517439623,PRIVADA,1,Retail,1,102,15.04,2,0
20516726319,PRIVADA,1,Asset & Wealth Management,1,36,189.75,2,0
20519865476,PRIVADA,1,Technology,1,21,117.13,2,0
20600373863,PRIVADA,1,Engineering & Construction,1,138,28.5,2,0
20508704217,PRIVADA,1,Retail,2,36,24.71,2,0
20521872145,PRIVADA,1,"Forest, Paper & Packaging",2,225,30.99,2,0
20478223863,PRIVADA,1,Retail,1,11,30.99,2,0
20453668984,PRIVADA,1,Business Services,1,129,87.5,2,0
20498189637,PRIVADA,1,Transportation & Logistics,1,784,4.28,2,0
20483919159,PRIVADA,1,Transportation & Logistics,2,6,60.33,2,0
20601405670,PRIVADA,1,Transportation & Logistics,1,18,15.04,2,0
20507508503,PRIVADA,1,Engineering & Construction,1,13,166.29,2,0
20154542532,PRIVADA,1,Retail,1,167,16.29,2,0
20601013011,PRIVADA,1,Telecommunications,1,29,47.47,2,0
20600416155,PRIVADA,1,Retail,1,73,4.28,2,0
20492836282,PRIVADA,1,Retail,2,79,24.71,2,0
20514002089,PRIVADA,1,Retail,1,84,15.04,2,0
20101334679,PRIVADA,1,Business Services,2,573,47.47,2,0
20101308678,PRIVADA,1,"Forest, Paper & Packaging",4,540,15.04,2,0
20545198429,PRIVADA,1,Business Services,1,15,29.45,2,0
20600075595,PRIVADA,1,Retail,1,21,16.29,2,0
20602128823,PRIVADA,1,Transportation & Logistics,1,0,60.37,2,0
20494691524,PRIVADA,1,Engineering & Construction,1,41,30.54,2,0
20501620107,PRIVADA,1,Metals and Mining,1,196,16.29,2,0
20544229118,PRIVADA,1,Power & Utilities,1,4,-6.5,2,1
20433819544,PRIVADA,1,Metals and Mining,1,46,41.7,2,1
20100136580,PRIVADA,1,Asset & Wealth Management,1,0,-6.5,2,0
20166125961,PRIVADA,1,Metals and Mining,1,0,4.28,2,0
20381600441,PRIVADA,1,Business Services,1,335,15.04,2,1
20100117526,PRIVADA,1,Manufacturing,1,399,-6.5,2,0
20293623431,PRIVADA,1,Chemicals,1,65,-4.84,2,0
20100108705,PRIVADA,1,Retail,1,509,-6.5,2,0
20507165461,PRIVADA,1,Retail,1,19,24.97,2,1
20100073308,PRIVADA,1,Retail,1,168,-4.84,2,0
20536435582,PRIVADA,1,Business Services,1,254,4.28,2,0
20546009417,PRIVADA,1,Asset & Wealth Management,1,2,64.86,2,0
20101520898,PRIVADA,1,Transportation & Logistics,4,195,4.12,2,0
20462793791,PRIVADA,1,Retail,1,49,24.71,2,1
20100136237,PRIVADA,1,Metals and Mining,1,94,4.28,2,0
20514448338,PRIVADA,1,Telecommunications,1,28,4.28,2,0
20376641466,PRIVADA,1,Consumer,1,1605,-4.84,2,1
20100058503,PRIVADA,1,Consumer,1,117,-6.5,2,0
20100010721,PRIVADA,1,Transportation & Logistics,2,156,24.71,2,0
20463958590,PRIVADA,1,Transportation & Logistics,1,416,16.65,2,0
20517324486,PRIVADA,1,Automotive,1,0,4.28,2,0
20549706500,PRIVADA,1,Hospitality & Leisure,1,406,15.04,2,1
20601099471,PRIVADA,1,Telecommunications,1,14,33.97,2,0
20548347301,PRIVADA,1,Telecommunications,1,67,4.28,2,1
20600483596,PRIVADA,1,Consumer,1,51,4.28,2,0
20100126606,PRIVADA,1,Transportation & Logistics,1,127,4.28,2,0
20432552072,PRIVADA,1,Transportation & Logistics,1,287,6.76,2,0
20514419826,PRIVADA,1,Media & Entertainment,1,3,112.1,2,0
20508873914,PRIVADA,1,Manufacturing,1,255,-2.38,2,0
20417773542,PRIVADA,1,Power & Utilities,1,31,230.1,2,0
20120877055,PRIVADA,1,Engineering & Construction,5,431,-3.81,2,0
20101461786,PRIVADA,1,Retail,1,94,6.96,2,0
20100093082,PRIVADA,1,Retail,1,38,94.12,2,0
20547713045,PRIVADA,1,Transportation & Logistics,1,649,15.19,2,0
20202961518,PRIVADA,1,Hospitality & Leisure,1,112,25.33,2,0
20102305273,PRIVADA,1,Chemicals,1,44,31.61,2,0
20465557754,PRIVADA,1,Retail,1,96,20.18,2,1
20160272784,PRIVADA,1,Consumer,1,592,32.18,2,0
20101869947,PRIVADA,1,Hospitality & Leisure,1,853,6.76,2,0
20175508610,PRIVADA,1,Health Services,1,95,6.76,2,0
20527026238,CONSORCIO,1,Engineering & Construction,1,492,48.28,2,0
20489332621,PRIVADA,1,Business Services,1,439,38.11,2,0
20100044626,PRIVADA,1,Transportation & Logistics,4,255,6.76,2,0
20526893507,PRIVADA,1,Retail,1,123,6.76,2,0
20481921491,PRIVADA,1,Retail,1,103,15.19,2,0
20525011993,PRIVADA,1,Business Services,1,1820,39.68,2,0
20107648829,PRIVADA,1,Transportation & Logistics,1,359,6.76,2,0
20101792545,PRIVADA,1,Energy,1,78,6.76,2,0
20100456495,PRIVADA,1,Retail,1,87,-3.81,2,0
20511193045,PRIVADA,1,Energy,2,126,6.76,2,0
20510885229,PRIVADA,1,Hospitality & Leisure,1,798,-3.81,2,0
20299704913,PRIVADA,1,Business Services,1,62,15.19,2,0
20457209003,PRIVADA,1,Retail,1,16,15.19,2,0
20545699126,PRIVADA,1,Hospitality & Leisure,1,431,20.18,2,0
20510389833,PRIVADA,1,Retail,1,13,16.01,2,0
20100005566,PRIVADA,1,Chemicals,2,97,-3.81,2,0
20100085578,PRIVADA,1,Automotive,17,193,-10.13,2,0
20504524176,PRIVADA,1,Consumer,2,216,8.59,2,0
20524279160,PRIVADA,1,Energy,1,28,6.96,2,0
20173074108,PRIVADA,1,Engineering & Construction,1,154,33.96,2,0
20543312232,PRIVADA,1,Technology,1,32,31.61,2,0
20298674611,PRIVADA,1,Hospitality & Leisure,1,570,38.02,2,0
20100811571,PRIVADA,1,Engineering & Construction,1,35,38.11,2,0
20395492129,PRIVADA,1,Education - National,1,1006,6.96,2,0
20340155115,PRIVADA,1,Retail,1,380,6.96,2,0
20289907743,PRIVADA,1,Retail,1,195,15.19,2,0
20261239923,PRIVADA,1,Retail,1,106,-2.38,2,0
20101759173,PRIVADA,1,Engineering & Construction,1,546,16.88,2,0
20160479290,PRIVADA,1,Retail,1,25,15.19,2,1
20100131359,PRIVADA,1,Retail,1,156,6.76,2,0
20100990998,PRIVADA,1,Automotive,3,207,-12.93,2,0
20514062731,PRIVADA,1,Retail,1,132,-3.81,2,0
20191100876,PRIVADA,1,Metals and Mining,2,16,39.68,2,0
20490406361,PRIVADA,1,Retail,1,56,16.88,2,0
20393623846,PRIVADA,1,Retail,1,35,49.55,2,0
20171724687,PRIVADA,1,Engineering & Construction,1,17,145.09,2,0
20550511941,PRIVADA,1,Business Services,1,18,107.48,2,0
20510625235,PRIVADA,1,Transportation & Logistics,1,131,16.88,2,0
20545254434,PRIVADA,1,Engineering & Construction,1,7,80.48,2,0
20100366151,PRIVADA,1,Media & Entertainment,2,232,6.96,2,0
20371332210,PRIVADA,1,Transportation & Logistics,1,298,30.97,2,0
20100779740,PRIVADA,1,Retail,1,71,6.96,2,0
20511038317,PRIVADA,1,Retail,1,14,-3.81,2,0
20518243773,PRIVADA,1,Retail,1,10,-3.81,2,0
20279143222,PRIVADA,1,Consumer,2,1909,-2.38,2,0
20293658146,PRIVADA,1,Transportation & Logistics,1,121,22.46,2,0
20380449405,PRIVADA,1,Engineering & Construction,1,19,97.9,2,0
20535645346,PRIVADA,1,Consumer,1,47,21.92,2,0
20521834642,PRIVADA,1,Business Services,1,118,21.92,2,0
20386825042,PRIVADA,1,Retail,1,15,-3.81,2,1
20394007740,PRIVADA,1,Retail,1,15,-12.93,2,0
20545697697,PRIVADA,1,Business Services,1,757,-3.81,2,0
20118237774,PRIVADA,1,Retail,2,61,15.19,2,0
20550088330,PRIVADA,1,Consumer,1,11,15.19,2,0
20510865627,PRIVADA,1,Consumer,1,883,-2.38,2,0
20509976695,PRIVADA,1,Retail,1,5,48.28,2,0
20217427593,PRIVADA,1,Metals and Mining,6,699,2.58,4,1
20549991786,PRIVADA,1,Engineering & Construction,1,31,101.54,2,0
20514184331,PRIVADA,1,Retail,1,102,6.76,2,0
20602207138,PRIVADA,1,Asset & Wealth Management,1,0,54.02,4,0
20128915711,PRIVADA,1,Consumer,39,362,9.09,4,0
20100113610,PRIVADA,1,Consumer,95,3361,2.63,4,1
20425252608,PRIVADA,1,Consumer,3,211,-3.81,2,0
20100101956,PRIVADA,1,Retail,1,10,16.01,2,0
20380148979,PRIVADA,1,Business Services,1,116,19.93,2,0
20514196428,PRIVADA,1,Pharma & Life Sciences ,1,34,-6.2,1,0
20509268691,PRIVADA,1,Retail,1,16,16.88,2,0
20474868312,PRIVADA,1,Engineering & Construction,1,176,75.47,2,0
20518685016,PRIVADA,1,Power & Utilities,1,0,63.01,1,0
20552294816,PRIVADA,1,Power & Utilities,1,94,7.77,1,0
20510673710,PRIVADA,1,Automotive,1,103,15.19,2,0
20273363026,PRIVADA,1,Energy,1,35,-12.93,2,0
20388234858,PRIVADA,1,Asset & Wealth Management,1,10,151.61,2,0
20506626910,PRIVADA,1,Energy,1,57,4.14,2,0
20545379563,PRIVADA,1,Transportation & Logistics,1,4,127.13,2,0
20477914307,PRIVADA,1,Automotive,1,0,32.18,2,0
20514680401,PRIVADA,1,Consumer,1,182,7.65,1,0
20494586810,PRIVADA,1,Consumer,1,1354,31.61,2,0
20511048207,PRIVADA,1,Engineering & Construction,1,19,16.01,2,0
20517466868,PRIVADA,1,Retail,1,18,-30.99,1,1
20514492825,PRIVADA,1,Technology,1,100,13,1,0
20120545303,PRIVADA,1,Transportation & Logistics,1,228,20.18,2,1
20269215624,PRIVADA,1,Transportation & Logistics,1,36,8.24,1,0
20500066386,PRIVADA,1,Transportation & Logistics,1,70,24.81,1,0
20542089106,PRIVADA,1,Consumer,1,69,38.11,2,0
20331061655,PRIVADA,1,Consumer,24,1143,2.02,4,1
20536105523,PRIVADA,1,Retail,1,25,15.19,2,0
20272963437,PRIVADA,1,Consumer,1,17,6.76,2,0
20100086388,PRIVADA,1,Manufacturing,1,22,14.21,1,0
20380225043,PRIVADA,1,Engineering & Construction,1,23,-0.27,1,0
20512164073,PRIVADA,1,Health Services,1,137,9.53,1,1
20494773172,PRIVADA,1,Metals and Mining,1,0,22.46,2,0
20296079074,PRIVADA,1,Hospitality & Leisure,1,10,22.26,1,0
20501887286,PRIVADA,1,Retail,1,78,49.55,2,0
20511985065,PRIVADA,1,Asset & Wealth Management,1,139,50.28,2,0
20138322000,PRIVADA,1,Transportation & Logistics,1,251,17.17,1,1
20100207941,PRIVADA,1,Health Services,1,253,15.19,2,0
20601264057,PRIVADA,1,Transportation & Logistics,1,16,20.18,2,0
20463271101,PRIVADA,1,Asset & Wealth Management,2,12,115.55,2,0
20267737411,PRIVADA,1,Insurance,1,78,-4.02,1,1
20557079441,PRIVADA,1,Retail,1,980,50.23,4,0
20492404901,PRIVADA,1,Transportation & Logistics,1,487,6.96,2,0
20137025354,PRIVADA,1,Metals and Mining,9,725,18.22,4,1
20519734614,PRIVADA,1,Engineering & Construction,1,154,107.1,2,0
20160672880,PRIVADA,1,Retail,1,76,-3.81,2,0
20524522871,PUBLICA,1,Power & Utilities,1,0,50.28,2,0
20504968996,PRIVADA,1,Consumer,1,53,42.92,1,0
20144109458,PRIVADA,1,Retail,3,129,20.18,2,0
20477922661,PRIVADA,1,Business Services,1,2115,6.76,2,0
20261180937,PRIVADA,1,Consumer,24,241,8.26,4,0
20100124492,PRIVADA,1,Retail,10,12,7.45,4,0
20518091221,PRIVADA,1,Asset & Wealth Management,1,0,18.89,1,0
20155695901,PRIVADA,1,Retail,1,65,38.11,2,1
20100118336,PRIVADA,1,Transportation & Logistics,1,68,6.76,2,0
20101256422,PRIVADA,1,Engineering & Construction,2,19,20.18,2,0
20108767619,PRIVADA,1,Business Services,1,1616,15.19,2,0
20100123763,PRIVADA,1,Consumer,40,910,4.19,4,1
20392923277,PRIVADA,1,Transportation & Logistics,1,13,6.76,2,1
20511752397,PRIVADA,1,Hospitality & Leisure,1,24,9.53,1,1
20431871808,PRIVADA,1,Transportation & Logistics,35,989,2.58,4,1
20168488085,PRIVADA,1,Asset & Wealth Management,1,14,24.94,1,0
20110614609,PRIVADA,1,Engineering & Construction,1,38,75.24,2,0
20523690702,PRIVADA,1,Chemicals,1,26,18.43,1,0
20100073723,PRIVADA,1,Chemicals,5,1686,-1.9,4,1
20555527625,PRIVADA,1,Retail,1,13,16.01,2,0
20550793742,PRIVADA,1,Health Services,1,140,14.67,1,0
20414955020,PRIVADA,1,Health Services,17,421,9.76,4,1
20100041953,PRIVADA,1,Insurance,58,3531,3.72,4,1
20100971772,PRIVADA,1,Consumer,3,2834,-3.17,4,1
20100130204,PRIVADA,1,Banking & Capital Markets,401,5715,-3.49,4,1
20297970489,PRIVADA,1,Automotive,1,93,6.76,2,0
20100136741,PRIVADA,1,Metals and Mining,10,1220,0.29,4,1
20100094135,PRIVADA,1,Chemicals,48,978,3.4,4,1
20100054184,PRIVADA,1,Health Services,6,3219,7.99,4,0
20112231413,PRIVADA,1,Manufacturing,1,330,15.19,2,0
20390583835,PRIVADA,1,Retail,1,124,50.28,2,1
20531420285,PRIVADA,1,Consumer,1,60,48.83,2,0
20378813761,PRIVADA,1,Pharma & Life Sciences ,1,14,-3.95,1,1
20468450217,PRIVADA,1,Automotive,1,20,48.83,2,0
20512936149,PRIVADA,1,Manufacturing,1,60,109.89,2,0
20137291313,PRIVADA,1,Metals and Mining,17,1514,9.64,4,1
20140688640,PRIVADA,1,Metals and Mining,5,190,10.17,4,0
20512830154,PRIVADA,1,Engineering & Construction,1,35,134.22,2,0
20521409194,PRIVADA,1,Retail,1,15,16.01,2,0
20492497721,PRIVADA,1,Insurance,1,51,0.54,2,0
20554290818,PRIVADA,1,Telecommunications,1,211,20.18,2,0
20454186002,PRIVADA,1,Consumer,1,651,15.19,2,0
20100122368,PRIVADA,1,Health Services,1,311,31.61,2,0
20346669625,PRIVADA,1,Banking & Capital Markets,1,68,11.14,1,1
20102261551,PRIVADA,1,Consumer,1,351,-2.38,2,0
20100568617,PRIVADA,1,Transportation & Logistics,1,178,18.18,2,0
20513645547,PRIVADA,1,Retail,1,72,16.01,2,1
20553849161,PRIVADA,1,Banking & Capital Markets,1,73,15.19,2,1
20101087566,PRIVADA,1,Business Services,1,662,-3.81,2,0
20100276322,PRIVADA,1,Metals and Mining,1,464,15.19,2,0
20492390098,PRIVADA,1,Asset & Wealth Management,1,5,124.26,2,0
20432939074,PRIVADA,1,Transportation & Logistics,1,549,15.19,2,0
20513066431,PRIVADA,1,Metals and Mining,2,135,6.76,2,0
20602306187,CONSORCIO,1,Engineering & Construction,1,0,217.9,2,0
20602306187,CONSORCIO,1,Engineering & Construction,1,0,217.9,2,0
20514668885,PRIVADA,1,Automotive,1,18,6.76,2,1
20503620350,PRIVADA,1,Retail,1,14,59.96,2,0
20101065759,PRIVADA,1,Retail,1,38,15.19,2,0
20506285586,PRIVADA,1,Consumer,1,17,6.76,2,1
20454135432,PRIVADA,1,Health Services,1,213,19.93,2,0
20550028515,PRIVADA,1,Business Services,1,439,15.19,2,0
20101009255,PRIVADA,1,Business Services,1,99,6.76,2,0
20264592497,PRIVADA,1,Consumer,1,743,2.78,1,0
20109068498,PRIVADA,1,Insurance,3,40,8.59,2,0
20131016396,PUBLICA,1,"Central, National, Federal Government",1,0,264.94,2,1
20101904874,PRIVADA,1,Hospitality & Leisure,1,770,6.76,2,0
20162580672,PRIVADA,1,Health Services,1,447,22.46,2,0
20162580672,PRIVADA,1,Health Services,1,447,22.46,2,0
20301494590,PRIVADA,1,Manufacturing,2,276,-3.81,2,0
20295734681,PRIVADA,1,Retail,1,190,6.76,2,1
20501918343,PRIVADA,1,Manufacturing,1,77,6.76,2,1
20458714101,PRIVADA,1,Retail,1,160,57.26,2,0
20100181534,PRIVADA,1,Transportation & Logistics,2,970,-12.93,2,0
20551271740,CONSORCIO,1,Engineering & Construction,1,0,73.38,1,1
20100082391,PRIVADA,1,Engineering & Construction,1,4315,3.11,4,1
20100047218,PRIVADA,1,Banking & Capital Markets,171,17192,9.47,4,1
20161950069,PRIVADA,1,Pharma & Life Sciences ,1,104,7.31,1,0
20501842771,PRIVADA,1,Banking & Capital Markets,1,32,24.91,1,1
20382036655,PRIVADA,1,Banking & Capital Markets,155,10231,4.53,4,0
20101333354,PRIVADA,1,Pharma & Life Sciences ,1,171,45.68,1,0
20431115825,PRIVADA,1,Health Services,3,375,10.07,4,0
20332970411,PRIVADA,1,Insurance,22,2883,44.64,4,1
20392810316,PRIVADA,1,Technology,1,259,38.7,2,1
20518581237,PRIVADA,1,Consumer,1,1082,25.89,1,0
20100178401,PRIVADA,1,Health Services,1,365,12.07,2,0
20427497888,PRIVADA,1,Retail,1,36,39.25,2,0
20313176909,PRIVADA,1,Consumer,1,363,32.29,1,0
20224748711,PRIVADA,1,Consumer,23,1581,9.87,4,1
20132218472,PRIVADA,1,Consumer,2,172,7.89,2,0
20100348501,PRIVADA,1,Engineering & Construction,1,29,88.19,2,0
20535640891,PRIVADA,1,Engineering & Construction,1,47,23.83,2,1
20522544001,PRIVADA,1,Metals and Mining,1,387,7.89,2,0
20545927790,PRIVADA,1,Asset & Wealth Management,1,17,-10.53,2,0
20518792360,PRIVADA,1,Hospitality & Leisure,1,263,49.43,1,0
20305284174,PRIVADA,1,Pharma & Life Sciences ,1,129,22.86,2,0
20492418952,PRIVADA,1,Transportation & Logistics,1,386,-0.38,2,0
20601451124,PRIVADA,1,Consumer,1,49,17.56,2,0
20129646099,PRIVADA,1,Power & Utilities,13,364,4.46,4,1
20477793674,PRIVADA,1,Consumer,1,199,7.89,2,0
20102708394,PRIVADA,1,Power & Utilities,73,255,4.18,4,1
20132023540,PUBLICA,1,Power & Utilities,1,778,9.76,4,1
20511261571,PRIVADA,1,Power & Utilities,1,63,111.22,2,0
20518726146,PRIVADA,1,Transportation & Logistics,1,297,0.47,2,0
20516822202,PRIVADA,1,Transportation & Logistics,1,446,12.78,2,0
20511977712,PRIVADA,1,Business Services,2,81,-7.58,2,0
20145906254,PRIVADA,1,Education - National,1,529,-0.38,2,0
20502324927,PRIVADA,1,Transportation & Logistics,1,400,-0.38,2,0
20513441208,PRIVADA,1,Health Services,1,86,22.86,2,0
20416074161,PRIVADA,1,Transportation & Logistics,1,150,29.54,2,0
20100055661,PRIVADA,1,Banking & Capital Markets,1,83,12.89,2,1
20522591344,PRIVADA,1,Media & Entertainment,1,315,7.89,2,0
20601882753,PRIVADA,1,Retail,1,0,43.69,1,0
20330011930,PRIVADA,1,Technology,1,47,23.83,2,1
20141189850,PRIVADA,1,Retail,288,2848,7.13,4,1
20513546301,PRIVADA,1,Media & Entertainment,1,56,23.1,1,0
20464993879,PRIVADA,1,Technology,1,230,10.2,1,0
10012050017,PRIVADA,1,Engineering & Construction,7,12,7.89,2,0
20525965725,PRIVADA,1,Engineering & Construction,2,63,38.7,2,0
20109796841,PRIVADA,1,Hospitality & Leisure,1,65,12.07,2,0
20269985900,PRIVADA,1,Power & Utilities,41,592,0.74,4,1
20384505652,PRIVADA,1,Retail,1,214,-9.52,2,0
20125986880,PRIVADA,1,Consumer,2,901,-0.38,2,0
20545889685,PRIVADA,1,Retail,1,96,12.07,2,0
20301405082,PRIVADA,1,Retail,1,94,0.47,2,0
20100157315,PRIVADA,1,Retail,1,94,12.07,2,0
20509516341,PRIVADA,1,Energy,1,14,39.34,2,0
20514733962,PRIVADA,1,Asset & Wealth Management,1,17,24.94,1,1
20114050025,PRIVADA,1,Consumer,1,166,0.47,2,0
20101330258,PRIVADA,1,Engineering & Construction,1,157,39.25,2,0
20100144337,PRIVADA,1,Asset & Wealth Management,2,14,5.1,1,0
20101039910,PRIVADA,1,Health Services,1,249,17.13,4,1
20501844986,PRIVADA,1,Power & Utilities,1,1,7.89,2,0
20522890171,PRIVADA,1,Power & Utilities,1,27,30.5,1,1
20520780832,PRIVADA,1,Retail,1,63,8.05,2,0
20422548786,PRIVADA,1,Metals and Mining,1,176,14.46,2,0
20106897914,PRIVADA,1,Telecommunications,64,2571,4.53,4,1
20300166611,PRIVADA,1,Engineering & Construction,1,236,62.77,2,0
20372399687,PRIVADA,1,Retail,1,14,12.07,2,0
20431080002,PRIVADA,1,Health Services,2,616,7.89,2,0
20502503180,PRIVADA,1,Consumer,1,93,0.47,2,0
20251293181,PRIVADA,1,Manufacturing,26,407,1.26,4,1
20384959416,PRIVADA,1,Banking & Capital Markets,1,6,12.07,2,1
20131529181,PRIVADA,1,Manufacturing,6,114,8.05,2,0
20471133770,PRIVADA,1,Manufacturing,1,65,39.34,2,0
20256391202,PRIVADA,1,Power & Utilities,1,107,54.26,2,0
20336448337,PRIVADA,1,Transportation & Logistics,1,390,7.89,2,0
20510400233,PRIVADA,1,Retail,1,250,-4.19,1,1
20538492028,PRIVADA,1,Transportation & Logistics,1,119,8.05,2,0
20112273922,PRIVADA,1,Retail,4,3764,70.85,4,0
20418650916,PRIVADA,1,Engineering & Construction,1,261,25.03,2,1
20541246275,PRIVADA,1,Retail,1,68,15.3,1,0
20393864967,PRIVADA,1,Retail,1,151,10.4,1,0
20393854651,PRIVADA,1,Retail,1,118,41.91,1,0
20330401991,PRIVADA,1,Banking & Capital Markets,82,2467,9.14,4,1
20100128056,PRIVADA,1,Retail,71,9459,2.45,4,1
20508565934,PRIVADA,1,Retail,58,11942,4.12,4,0
20451775210,PRIVADA,1,Engineering & Construction,1,75,22.86,2,0
20455296812,PRIVADA,1,Metals and Mining,1,59,28.98,2,0
20109980855,PRIVADA,1,Energy,1,122,8.05,2,0
20415090316,PRIVADA,1,Pharma & Life Sciences ,1,82,7.94,1,1
20100244471,PRIVADA,1,Chemicals,1,105,2.42,1,0
20510452209,PRIVADA,1,Asset & Wealth Management,1,19,49.43,1,1
20418463644,PRIVADA,1,Hospitality & Leisure,1,345,75.57,2,0
20600989040,PRIVADA,1,Retail,1,0,107.29,2,0
20100028698,PRIVADA,1,Retail,1,3372,18.06,4,1
20427862331,PRIVADA,1,Chemicals,1,79,-0.38,2,0
20518202406,PRIVADA,1,Engineering & Construction,1,50,25.03,2,0
20101036813,PRIVADA,1,Banking & Capital Markets,113,1375,19.38,4,1
20546747248,PRIVADA,1,Retail,1,111,8.05,2,0
20110200201,PRIVADA,1,Chemicals,18,337,7.35,4,1
20171036284,PRIVADA,1,Manufacturing,4,167,0.47,2,0
20510367864,PRIVADA,1,Retail,1,60,-7.58,2,0
20100521734,PRIVADA,1,Retail,1,147,12.78,2,0
20519968445,PRIVADA,1,Energy,2,9,96.16,2,0
20550144001,PRIVADA,1,Engineering & Construction,1,217,193.78,2,0
20132051322,PRIVADA,1,Retail,1,106,10.4,1,0
20600728688,PRIVADA,1,Consumer,1,145,7.89,2,0
20519098017,PRIVADA,1,Metals and Mining,1,31,9.07,1,1
20501901297,PRIVADA,1,Transportation & Logistics,1,8,-5.79,1,0
20170072465,PRIVADA,1,Metals and Mining,1,4680,-1.48,4,1
20507312277,PRIVADA,1,Power & Utilities,1,110,12.78,2,0
20100309191,PRIVADA,1,Pharma & Life Sciences ,1,45,21.55,1,0
20522731537,PRIVADA,1,Automotive,1,37,-5.28,1,0
20538066860,PRIVADA,1,Banking & Capital Markets,1,150,38.7,2,0
20333363900,PRIVADA,1,Power & Utilities,9,484,-0.31,4,1
20503076382,PRIVADA,1,Retail,1,42,7.89,2,1
20386688207,PRIVADA,1,Power & Utilities,1,23,8.83,1,1
20402885549,PRIVADA,1,Metals and Mining,20,983,7.66,4,1
20367336081,PRIVADA,1,Consumer,1,499,28.98,2,0
20492400662,PRIVADA,1,Retail,1,65,0.47,2,0
20514608041,PRIVADA,1,Metals and Mining,1,910,-9.73,4,0
20106836451,PRIVADA,1,Retail,1,68,22.86,2,0
20383045267,PRIVADA,1,Metals and Mining,26,1700,-6.24,4,1
20429006300,PRIVADA,1,Engineering & Construction,1,263,30.86,2,0
20524489300,PRIVADA,1,Metals and Mining,1,13,4.12,4,1
20537250071,PRIVADA,1,Consumer,1,607,85.06,2,0
20131835621,PRIVADA,1,Consumer,1,382,10.29,1,0
20418453177,PRIVADA,1,"Forest, Paper & Packaging",23,1255,10.89,4,0
20312372895,PRIVADA,1,Engineering & Construction,60,629,0.32,4,1
20467539842,PRIVADA,1,Retail,34,443,2.5,4,0
20100190797,PRIVADA,1,Consumer,87,2030,3.72,4,1
20476633932,PRIVADA,1,Hospitality & Leisure,1,856,-9.52,2,0
20517426726,PRIVADA,1,Technology,1,178,12.07,2,0
20553861536,PRIVADA,1,Business Services,1,151,130.49,2,0
20600109881,PRIVADA,1,Consumer,1,150,7.89,2,0
20477533176,PRIVADA,1,Retail,1,129,-0.38,2,0
20100063337,PRIVADA,1,Transportation & Logistics,1,170,6.75,1,0
20600250737,PRIVADA,1,Retail,1,112,0.47,2,0
20520673670,PRIVADA,1,Consumer,1,3,12.07,2,0
20507828915,PRIVADA,1,Metals and Mining,10,366,-6.49,4,0
20100238234,PRIVADA,1,Transportation & Logistics,1,368,12.78,2,0
20506813191,PRIVADA,1,Retail,1,20,28.98,2,0
20548699917,PRIVADA,1,Power & Utilities,1,0,129.36,2,0
20519176263,PRIVADA,1,Manufacturing,1,431,85.06,2,1
20565343697,CONSORCIO,1,Business Services,1,80,24.81,1,0
20484002216,PRIVADA,1,Consumer,1,145,5.91,2,0
20100349061,PRIVADA,1,Health Services,1,520,-0.38,2,0
20504732950,PRIVADA,1,Retail,1,217,8.05,2,0
20505773170,PRIVADA,1,Retail,1,176,22.57,2,0
20499432021,PRIVADA,1,Power & Utilities,1,18,3.78,4,1
20516261090,PRIVADA,1,Retail,1,210,-0.38,2,0
20509897043,PRIVADA,1,Consumer,1,212,0.47,2,0
20530015999,PRIVADA,1,Consumer,1,2,58.57,2,0
20103626448,PRIVADA,1,Transportation & Logistics,1,294,22.86,2,0
20310422755,PRIVADA,1,Consumer,1,687,0.47,2,0
20100416949,PRIVADA,1,Retail,1,44,2.48,2,0
20106910872,PRIVADA,1,Business Services,2,243,7.89,2,0
20106498386,PRIVADA,1,Business Services,1,378,29.54,2,0
20100166730,PRIVADA,1,Manufacturing,1,299,-0.38,2,0
20520571320,PRIVADA,1,Retail,1,29,39.34,2,0
20548903034,PRIVADA,1,Engineering & Construction,1,0,67.04,1,1
20556758990,PRIVADA,1,Engineering & Construction,1,24,144.01,2,0
20298463165,PRIVADA,1,Retail,1,25,7.89,2,0
20501457869,PRIVADA,1,Retail,1,400,7.89,2,0
20100118506,PRIVADA,1,Energy,1,23,39.54,1,0
20511246009,PRIVADA,1,Business Services,2,144,18.43,1,0
20136165667,PRIVADA,1,Consumer,45,2127,4.31,4,1
20103129061,PRIVADA,1,Retail,2,79,22.57,2,0
20556928313,PRIVADA,1,Consumer,1,8,96.16,2,0
20518000951,PRIVADA,1,Consumer,1,17,25.56,2,0
20419387658,PRIVADA,1,Engineering & Construction,14,605,7.41,4,1
20517705951,PRIVADA,1,Business Services,1,68,29.54,2,0
20253881438,PRIVADA,1,Engineering & Construction,26,3521,59.21,4,1
20131644524,PRIVADA,1,Engineering & Construction,15,589,6.91,4,0
20192779333,PRIVADA,1,Metals and Mining,12,2941,-3.17,4,1
20506717044,PRIVADA,1,Technology,1,59,22.86,2,0
20100189942,PRIVADA,1,"Forest, Paper & Packaging",1,109,12.07,2,0
20519458161,PRIVADA,1,Retail,1,39,23.83,2,0
20419309932,PRIVADA,1,Retail,1,39,18.69,1,0
20546090435,PRIVADA,1,Consumer,1,55,61.49,2,0
20601542065,PRIVADA,1,Consumer,1,8,12.89,2,0
20203866497,PUBLICA,1,Manufacturing,1,147,80.37,2,1
20424295036,PRIVADA,1,Transportation & Logistics,1,464,39.25,2,1
20601257280,PRIVADA,1,Business Services,1,650,22.86,2,0
20510394918,PRIVADA,1,Transportation & Logistics,1,402,7.89,2,0
20100154308,PRIVADA,1,Consumer,413,6190,1.26,4,1
20556450600,PRIVADA,1,Consumer,1,82,85.04,2,0
20514636843,PRIVADA,1,Transportation & Logistics,1,92,39.34,2,0
20543889424,PRIVADA,1,Retail,1,7,12.07,2,0
20518759079,PRIVADA,1,Transportation & Logistics,3,22,15.19,2,0
20513134615,PRIVADA,1,Manufacturing,1,137,7.31,1,0
20600745841,CONSORCIO,1,Technology,1,274,-9.22,1,0
20512436090,PRIVADA,1,Power & Utilities,1,7,7.89,2,0
20538810682,PRIVADA,1,Power & Utilities,1,280,62.51,4,1
20566491151,PRIVADA,1,Automotive,1,12,65.63,2,0
20370146994,PRIVADA,1,Metals and Mining,34,1130,15.86,4,1
20100192064,PRIVADA,1,Metals and Mining,50,184,2.68,4,0
20492050742,PRIVADA,1,Retail,40,8,10.84,4,0
20601509416,PRIVADA,1,Energy,1,0,682.34,4,0
20506006024,PRIVADA,1,Automotive,34,835,-10.73,4,0
20100105862,PRIVADA,1,Banking & Capital Markets,137,1687,6.14,4,1
20259702411,PRIVADA,1,Banking & Capital Markets,31,1706,5.86,4,1
20297939131,PRIVADA,1,Consumer,28,12847,18.13,4,0
20100209641,PRIVADA,1,Banking & Capital Markets,35,3869,11.75,4,1
20130200789,PUBLICA,1,Banking & Capital Markets,1,2897,16.53,4,0
20100127912,PRIVADA,1,Retail,1,30,4.79,4,1
20109565017,PRIVADA,1,Engineering & Construction,28,5275,4.29,4,0
20113604248,PUBLICA,1,Banking & Capital Markets,184,3160,24.08,4,0
20369155360,PRIVADA,1,Banking & Capital Markets,2,3429,22.13,4,0
20383316473,CONSORCIO,1,Power & Utilities,1,1,20.41,4,0
20255993225,PRIVADA,1,Banking & Capital Markets,203,2801,11.35,4,1
20170040938,PRIVADA,1,Consumer,1,13205,7.45,4,1
20502797230,PRIVADA,1,Automotive,18,496,-1.6,4,0
20131257750,PUBLICA,1,Health Services,2,0,14.93,4,0
20509514641,PRIVADA,1,Power & Utilities,1,93,0.52,4,0
20600733967,PRIVADA,1,Chemicals,1,17,12.02,4,0
20205467603,PRIVADA,1,Metals and Mining,5,670,-6.83,4,0
20501577252,PRIVADA,1,Transportation & Logistics,1,466,1.16,4,1
20331898008,PRIVADA,1,Power & Utilities,37,742,0.74,4,1
20492092313,PRIVADA,1,Retail,1,1901,-5.57,4,1
20555998822,PRIVADA,1,Chemicals,1,9,45.85,4,0
20557987020,CONSORCIO,1,Engineering & Construction,1,236,16.2,4,0
20557410008,PRIVADA,1,Transportation & Logistics,1,30,15.39,4,1
20100164010,PRIVADA,1,Consumer,21,813,7.39,4,1
20261677955,PRIVADA,1,Metals and Mining,8,645,-11.88,4,1
20502351908,PRIVADA,1,Manufacturing,2,821,7.39,4,0
20131016639,PRIVADA,1,Chemicals,27,388,7.46,4,1
20196785044,PUBLICA,1,Energy,6,86,4.12,4,1
20159473148,PRIVADA,1,Consumer,45,1570,10.89,4,1
20100128218,PUBLICA,1,Energy,36,2536,9.43,4,1
20513320753,PRIVADA,1,Energy,11,0,8,4,1
20203058781,PRIVADA,1,Energy,14,455,97.9,4,1
20505792042,PRIVADA,1,Metals and Mining,1,450,43.79,4,0
20100142989,PRIVADA,1,Metals and Mining,2,1836,51.26,4,1
20100176450,PRIVADA,1,Energy,116,518,6.67,4,1
20344877158,PRIVADA,1,Automotive,40,516,10.56,4,1
20100049181,PRIVADA,1,Retail,111,1556,8.23,4,1
20259880603,PRIVADA,1,Energy,46,93,-1.1,4,0
20337564373,PRIVADA,1,Retail,47,8339,8.65,4,1
20543254798,PRIVADA,1,Telecommunications,1,1679,10.07,4,1
20513808519,PRIVADA,1,Banking & Capital Markets,1,12,901.72,4,0
20503758114,PRIVADA,1,Power & Utilities,8,394,21.15,4,1
20212331377,PRIVADA,1,Retail,19,14,10.06,4,0
20108983583,PRIVADA,1,Retail,9,320,5.86,4,0
20103795631,PUBLICA,1,Power & Utilities,1,396,-1.1,4,0
20454073143,PRIVADA,1,Insurance,28,573,21.33,4,1
20263322496,PRIVADA,1,Consumer,89,2712,-5.57,4,1
20524476828,PRIVADA,1,Telecommunications,1,44,460.84,4,0
20504645046,PRIVADA,1,Power & Utilities,34,377,7.35,4,0
20100152356,PUBLICA,1,Power & Utilities,8,2474,1.26,4,0
20100147514,PRIVADA,1,Metals and Mining,12,5410,-1.48,4,1
20523361555,PRIVADA,1,Telecommunications,1,0,244.36,4,0
20100070031,PRIVADA,1,Automotive,2,358,-2.45,4,0
20100030838,PRIVADA,1,Retail,1,881,7.99,4,1
20221084684,PRIVADA,1,Consumer,99,2884,12.55,4,0
20100210909,PRIVADA,1,Insurance,31,843,11.9,4,1
20418896915,PRIVADA,1,Insurance,30,1855,4.57,4,0
20259829594,PRIVADA,1,Energy,11,661,-2.63,4,1
20555286831,PRIVADA,1,Chemicals,1,15,20.31,4,1
20300263578,PRIVADA,1,Retail,11,153,4.53,4,1
20100132592,PRIVADA,1,Automotive,5,148,1.26,4,1
20100085225,PRIVADA,1,Retail,44,1978,0.29,4,0
20553167672,PRIVADA,1,Energy,1,169,15.3,4,0
20507646728,PRIVADA,1,Retail,5,187,3.66,4,1
20202380621,PRIVADA,1,Insurance,43,1774,9.14,4,1
20100277485,PRIVADA,1,Metals and Mining,5,68,29.49,4,0
20375755344,PRIVADA,1,Retail,43,129,-11.05,4,1
20266352337,PRIVADA,1,"Forest, Paper & Packaging",1,1127,10.82,4,0
20100103657,PRIVADA,1,Transportation & Logistics,16,0,10.34,4,0
20506035121,PRIVADA,1,Media & Entertainment,1,1359,34.6,4,0
20545026725,PRIVADA,1,Engineering & Construction,1,405,-13.67,4,1
20565643496,PRIVADA,1,Energy,1,154,595.56,4,0
20506421781,PRIVADA,1,Consumer,76,3911,9.78,4,0
20100035121,PRIVADA,1,Consumer,32,3233,3.88,4,0
20100150736,PRIVADA,1,Transportation & Logistics,39,293,7.39,4,0
20257364357,PRIVADA,1,Consumer,36,131,7.46,4,0
20100052050,PRIVADA,1,Retail,27,679,-4.04,4,0
20503258901,PRIVADA,1,Automotive,3,0,-4.97,4,0
20347100316,PRIVADA,1,Retail,31,762,-2.64,4,1
20517187551,PRIVADA,1,Metals and Mining,12,553,32.66,4,0
20100103223,PRIVADA,1,Metals and Mining,3,372,3.73,4,1
20254507874,PRIVADA,1,Retail,10,226,19.14,4,0
20114839176,PUBLICA,1,Banking & Capital Markets,37,2024,18.77,4,0
20100087198,PRIVADA,1,Engineering & Construction,21,126,8.05,4,1
20100053455,PRIVADA,1,Banking & Capital Markets,306,6815,0.94,4,1
20522291201,PRIVADA,1,Banking & Capital Markets,1,1640,19.63,4,1
20504126367,PRIVADA,1,Energy,1,18,12.07,2,0
20331066703,PRIVADA,1,Retail,400,11388,90.41,4,1
20492946541,PRIVADA,1,Retail,1,111,-31.71,1,1
20600414276,PRIVADA,1,Retail,1,174,5.5,1,0
20536557858,PRIVADA,1,Retail,1,3901,6.91,4,1
20602176534,PRIVADA,1,Business Services,1,0,-0.53,2,0
20513320915,PRIVADA,1,Manufacturing,17,949,19.95,4,0
20547141068,PRIVADA,1,Pharma & Life Sciences ,1,21,35.48,1,0
20473938929,PRIVADA,1,Metals and Mining,5,111,12.07,2,0
20493020618,PRIVADA,1,Retail,21,3511,7.89,4,0
20100070970,PRIVADA,1,Retail,138,16014,-17.34,4,1
20522093743,PRIVADA,1,Business Services,1,61,12.89,2,1
20556319058,PRIVADA,1,Retail,1,47,24.81,1,1
20420039728,PRIVADA,1,Consumer,1,274,7.89,2,0
20555435348,PRIVADA,1,Retail,1,31,42.05,1,0
20510927754,PRIVADA,1,Transportation & Logistics,1,47,28.98,2,0
20502853750,PRIVADA,1,Retail,1,45,38.7,2,1
20251011461,PRIVADA,1,Health Services,1,272,22.57,2,0
20136096592,PRIVADA,1,Health Services,1,289,12.07,2,0
20100029406,PRIVADA,1,Manufacturing,1,185,7.89,2,0
20377294778,PRIVADA,1,Retail,1,52,-11.7,1,0
20132712086,PRIVADA,1,Consumer,9,1533,12.89,2,0
20437544248,PRIVADA,1,Banking & Capital Markets,1,388,12.07,2,0
20100284937,PRIVADA,1,Pharma & Life Sciences ,2,175,12.07,2,0
20503382742,PRIVADA,1,Retail,1,101,2.48,2,0
20100069963,PRIVADA,1,Manufacturing,1,113,15.19,2,0
20513155965,PRIVADA,1,Asset & Wealth Management,1,10,5.96,1,1
20513530481,PRIVADA,1,Engineering & Construction,1,132,14.46,2,1
20536231235,PRIVADA,1,Retail,1,8,-12.37,1,1
20372227045,PRIVADA,1,Consumer,1,26,16.07,1,0
20546892175,PRIVADA,1,Banking & Capital Markets,1,51,30.86,2,0
20161946037,PRIVADA,1,Retail,1,56,8.67,1,0
20100359708,PRIVADA,1,Automotive,2,219,-0.38,2,1
20477867970,PRIVADA,1,Transportation & Logistics,1,63,7.94,1,1
20458605662,PUBLICA,1,"Central, National, Federal Government",1,102,-9.52,2,0
20601978572,PRIVADA,1,Insurance,1,0,121.12,2,1
20491932202,PRIVADA,1,Education - National,1,1090,8.05,2,0
20294845896,PRIVADA,1,Engineering & Construction,1,52,30.86,2,0
20100128994,PRIVADA,1,Power & Utilities,1,80,8.05,2,0
20306838386,PRIVADA,1,Media & Entertainment,1,359,-0.38,2,0
20524577853,PRIVADA,1,Transportation & Logistics,1,29,2.42,1,1
20132367800,PRIVADA,1,Metals and Mining,6,390,21.97,4,0
20512574212,PRIVADA,1,Business Services,1,853,12.78,2,0
20380336384,PRIVADA,1,Consumer,22,1140,-0.62,4,0
20306713923,PRIVADA,1,Media & Entertainment,1,678,7.89,2,1
20386303003,PRIVADA,1,Hospitality & Leisure,1,144,3.78,1,0
20508669802,PRIVADA,1,Business Services,3,260,0.47,2,0
20503458234,PRIVADA,1,Retail,1,166,8.05,2,1
20302241598,PRIVADA,1,Retail,53,1447,11.74,4,1
20256211310,PRIVADA,1,Automotive,20,565,9.59,4,1
20506285314,PRIVADA,1,Metals and Mining,7,737,8.26,4,1
20553475067,CONSORCIO,1,Engineering & Construction,1,30,90.44,1,0
20428901208,PRIVADA,1,Chemicals,1,11,5.06,4,1
20136150473,CONSORCIO,1,Metals and Mining,8,435,-14.13,4,0
20160600382,PRIVADA,1,Media & Entertainment,1,84,31.21,2,1
20513004592,PRIVADA,1,Asset & Wealth Management,1,6,213.53,2,1
20450384322,PRIVADA,1,Automotive,1,102,1.11,2,0
20492858766,PRIVADA,1,Retail,1,654,-6.74,2,0
20107099892,PRIVADA,1,Business Services,1,151,52.06,2,0
20548977585,PRIVADA,1,Chemicals,1,37,113.24,2,0
20390247487,PRIVADA,1,Consumer,1,746,-19,1,0
20557108646,PRIVADA,1,Business Services,1,53,25.3,1,1
20123487541,PRIVADA,1,Consumer,2,323,20.94,2,0
20342062521,PRIVADA,1,Media & Entertainment,1,694,4.86,2,1
20100066867,PRIVADA,1,Business Services,1,54,14.53,2,1
20601311331,PRIVADA,1,Engineering & Construction,1,5,-8.41,2,0
20512817999,PRIVADA,1,Engineering & Construction,1,8,9.53,1,0
20518380762,PRIVADA,1,Business Services,1,46,14.53,2,0
20101002242,PRIVADA,1,Education - National,1,324,14.53,2,0
20602276491,PRIVADA,1,Telecommunications,1,0,158.21,2,1
20261898706,PRIVADA,1,Technology,1,46,-30.46,2,0
20338974991,PRIVADA,1,Media & Entertainment,1,35,22.06,1,1
20304177552,PRIVADA,1,Energy,11,517,4.53,4,0
20510889135,PRIVADA,1,Energy,1,0,-7.47,4,0
20484204439,PRIVADA,1,Retail,1,183,20.54,2,0
20503801575,PRIVADA,1,Manufacturing,2,106,69.06,2,0
20600163346,PRIVADA,1,Banking & Capital Markets,1,28,60.7,1,1
20514431109,PRIVADA,1,Business Services,1,261,21.07,1,0
20514431281,PRIVADA,1,Retail,1,80,56.89,1,0
20369872274,PRIVADA,1,Retail,1,283,4.85,2,0
20104102744,PRIVADA,1,Engineering & Construction,1,80,14.53,2,0
20480385579,PRIVADA,1,Consumer,1,59,1.11,2,0
20146809341,PRIVADA,1,Banking & Capital Markets,3,201,4.85,2,0
20547839901,PRIVADA,1,Transportation & Logistics,1,12,1.11,2,0
20100067596,PRIVADA,1,Engineering & Construction,2,262,4.85,2,0
20132108294,PRIVADA,1,Automotive,2,208,4.85,2,0
20511108200,PRIVADA,1,Manufacturing,1,95,14.53,2,0
20525538576,PRIVADA,1,Power & Utilities,2,18,22.16,1,0
20127765279,PRIVADA,1,Energy,1,2711,8.27,4,0
20110598646,PRIVADA,1,Consumer,4,172,6.18,2,0
20509422444,PRIVADA,1,Retail,1,102,20.94,2,0
20466477771,PRIVADA,1,Engineering & Construction,1,166,68.14,2,0
20417378911,PRIVADA,1,Consumer,19,675,8.08,4,1
20134676508,PRIVADA,1,Engineering & Construction,1,148,14.82,2,0
20493645804,PRIVADA,1,Consumer,1,4,-21.43,1,0
20433226641,PRIVADA,1,Transportation & Logistics,1,323,20.94,2,0
20511283389,PRIVADA,1,Energy,1,85,4.85,2,0
20100170842,PRIVADA,1,Consumer,1,158,1.11,2,0
20395981839,PRIVADA,1,Manufacturing,2,13,29.62,2,0
20101395031,PRIVADA,1,Transportation & Logistics,31,1918,2.5,4,1
20160267861,PRIVADA,1,Business Services,1,1403,15.84,2,0
20555271566,PRIVADA,1,Consumer,1,270,8.26,4,0
20100055237,PRIVADA,1,Consumer,185,3115,4.12,4,1
20357499691,PRIVADA,1,Engineering & Construction,1,57,109.88,2,0
20259033072,PRIVADA,1,Energy,4,422,2.45,4,1
20100039207,PRIVADA,1,Transportation & Logistics,62,3213,0.51,4,1
20330033313,PRIVADA,1,Energy,17,1152,2.58,4,0
20357499691,PRIVADA,1,Engineering & Construction,1,57,109.88,2,0
20447524415,PRIVADA,1,Engineering & Construction,1,734,31.21,2,0
20100188628,PRIVADA,1,Power & Utilities,34,228,2.5,4,1
20553853355,PRIVADA,1,Pharma & Life Sciences ,1,40,29.69,2,0
20510051395,PRIVADA,1,Retail,1,165,15.65,2,0
20502221796,PRIVADA,1,Transportation & Logistics,1,294,31.21,2,0
20533218017,PRIVADA,1,Automotive,1,28,14.53,2,0
20101914080,PRIVADA,1,Technology,1,195,14.53,2,0
20101037623,PRIVADA,1,Energy,1,92,-10.26,1,1
20515666452,PRIVADA,1,Manufacturing,1,59,14.53,2,0
20100686814,PRIVADA,1,Transportation & Logistics,1,717,0.68,2,0
20517651096,PRIVADA,1,Business Services,1,115,-0.54,1,0
20450700771,PRIVADA,1,Energy,1,23,31.21,2,0
20518156706,PRIVADA,1,Transportation & Logistics,1,36,45.68,1,0
20109346722,PRIVADA,1,Pharma & Life Sciences ,1,184,14.82,2,0
20492144305,PRIVADA,1,Media & Entertainment,1,217,29.62,2,0
20267086487,PRIVADA,1,Engineering & Construction,1,109,-5.75,1,1
20509534838,PRIVADA,1,Engineering & Construction,1,0,123.26,1,1
20471333604,PRIVADA,1,Business Services,1,78,14.12,1,0
20136341066,PUBLICA,1,Power & Utilities,1,391,4.86,2,0
20601856647,PRIVADA,1,Retail,1,0,118.89,2,0
20107034413,PRIVADA,1,Energy,1,76,-6.74,2,0
20414235108,PRIVADA,1,Business Services,1,41,27.15,1,1
20553429201,PRIVADA,1,Manufacturing,1,38,54.47,2,1
20520783777,PRIVADA,1,Asset & Wealth Management,1,2,-2.3,2,0
20265753460,PRIVADA,1,Engineering & Construction,2,60,72.59,2,0
20100975841,PRIVADA,1,Media & Entertainment,1,204,1.11,2,0
20543482316,PRIVADA,1,Metals and Mining,1,8,20.04,1,1
20546204201,PRIVADA,1,Engineering & Construction,1,70,-18.9,2,0
20511442011,PRIVADA,1,Asset & Wealth Management,1,21,-8.09,1,1
20557425889,PRIVADA,1,Telecommunications,1,172,-6.74,2,0
20515849531,PRIVADA,1,Technology,1,177,22.79,2,1
20430500521,PRIVADA,1,Automotive,20,109,2.58,4,1
20519078504,PRIVADA,1,"Forest, Paper & Packaging",1,134,48.85,2,0
20512258647,PRIVADA,1,Technology,1,321,4.86,2,0
20477957375,PRIVADA,1,Automotive,1,0,50.39,1,0
20330286874,PRIVADA,1,Transportation & Logistics,1,40,-8.62,1,1
20507852549,PRIVADA,1,Business Services,1,58,6.51,1,0
20414766308,PRIVADA,1,Hospitality & Leisure,134,5639,13.29,4,1
20544905181,PRIVADA,1,Power & Utilities,1,0,-0.54,1,1
20535552682,PRIVADA,1,Power & Utilities,1,0,7.77,1,0
20535630829,PRIVADA,1,Power & Utilities,1,0,10.18,1,0
20511317038,PRIVADA,1,Engineering & Construction,1,21,111.4,2,0
20514710911,PRIVADA,1,Pharma & Life Sciences ,1,214,0.68,2,1
20382355751,PRIVADA,1,Consumer,1,110,69.06,2,0
20510000138,PRIVADA,1,Asset & Wealth Management,1,120,42.46,1,1
20431582440,PRIVADA,1,Transportation & Logistics,1,286,13,1,0
20548990689,PRIVADA,1,Engineering & Construction,1,503,-5.53,1,0
20480230451,PRIVADA,1,Automotive,1,43,29.62,2,0
20376006361,PRIVADA,1,Retail,2,19,4.86,2,0
20544547756,PRIVADA,1,Hospitality & Leisure,1,29,20.54,2,1
20502207882,PRIVADA,1,Telecommunications,1,0,13.49,1,0
20501913970,PRIVADA,1,Banking & Capital Markets,1,237,1.72,1,0
20509182974,PRIVADA,1,Engineering & Construction,1,17,83.2,2,0
20601329540,PRIVADA,1,Business Services,1,647,86.44,2,0
20512752501,PRIVADA,1,Business Services,1,1331,1.11,2,0
20100017491,PRIVADA,1,Telecommunications,5,5475,-1.48,4,1
20538225763,PRIVADA,1,Consumer,1,496,17.17,1,0
20521268191,PRIVADA,1,Engineering & Construction,1,55,13.45,1,1
20600906161,PRIVADA,1,Engineering & Construction,1,366,1.05,2,0
20600785622,PRIVADA,1,Business Services,1,16,26,1,1
20524742561,PRIVADA,1,Technology,1,30,1.11,2,0
20381721231,PRIVADA,1,Manufacturing,1,252,1.11,2,0
20334620183,PRIVADA,1,Media & Entertainment,1,152,18.43,1,0
20498697381,PRIVADA,1,Transportation & Logistics,1,134,6.18,2,0
20498944907,PRIVADA,1,Pharma & Life Sciences ,1,43,1.6,1,0
20517668657,PRIVADA,1,Business Services,1,182,20.54,2,0
20486229684,PRIVADA,1,Hospitality & Leisure,1,351,4.86,2,0
20502561112,PRIVADA,1,Consumer,1,453,1.04,1,0
20100266874,PRIVADA,1,Business Services,2,205,-9.54,2,0
20551097961,PRIVADA,1,Consumer,1,789,19.41,1,0
20548687315,PRIVADA,1,Business Services,1,44,20.94,2,0
20512162291,PRIVADA,1,Engineering & Construction,1,145,21.14,2,0
20544125681,PRIVADA,1,Consumer,1,206,20.54,2,0
20526016069,PRIVADA,1,Retail,1,6,29.69,2,0
20490277961,PRIVADA,1,Retail,1,39,48.85,2,0
20100137390,PRIVADA,1,Engineering & Construction,20,780,8.16,4,1
20100740614,PRIVADA,1,Business Services,1,1004,4.68,1,0
20297543653,PRIVADA,1,Engineering & Construction,96,1813,9.09,4,0
20299942423,PRIVADA,1,Pharma & Life Sciences ,1,19,10.18,1,1
20523951603,PRIVADA,1,Pharma & Life Sciences ,1,90,46.85,1,1
20600954831,PRIVADA,1,Health Services,1,94,7.12,1,0
20554862986,PRIVADA,1,Health Services,1,3,24.94,1,0
20517780732,PRIVADA,1,Engineering & Construction,1,19,6.18,2,0
20314388535,PRIVADA,1,Retail,1,96,31.21,2,0
20547603533,PRIVADA,1,Engineering & Construction,1,0,1.6,1,0
20373860736,PRIVADA,1,Consumer,39,11554,7.46,4,1
20557811924,PRIVADA,1,Metals and Mining,1,74,9.85,1,1
20297088867,PRIVADA,1,Manufacturing,1,205,4.86,2,0
20530042708,PRIVADA,1,Consumer,1,103,20.94,2,0
20393877601,PRIVADA,1,Engineering & Construction,1,24,48.85,2,0
20102022727,PRIVADA,1,Insurance,1,93,7.71,1,1
20340617429,PRIVADA,1,Retail,2,0,14.53,2,0
20506619034,PRIVADA,1,Retail,1,19,1.11,2,0
20450899080,PRIVADA,1,Automotive,1,31,9.51,1,0
20510257767,PRIVADA,1,Consumer,2,158,74.32,2,0
20100102413,PRIVADA,1,Consumer,22,2877,0.31,4,1
20129561263,PRIVADA,1,Consumer,1,244,29.69,2,0
20260995449,PRIVADA,1,Consumer,1,86,4.85,2,0
20314388616,PRIVADA,1,Retail,1,129,14.82,2,0
20565960548,PRIVADA,1,Retail,1,6,76.06,2,0
20308324266,PRIVADA,1,Manufacturing,1,18,31.21,2,0
20451703901,PRIVADA,1,Engineering & Construction,1,8,50.44,2,1
20539412907,PRIVADA,1,Retail,1,21,1.11,2,0
20600192176,PRIVADA,1,Automotive,1,77,14.53,2,0
20262241441,PRIVADA,1,Engineering & Construction,1,61,49.26,2,0
20513735708,PRIVADA,1,Retail,1,47,20.94,2,0
20255690753,PRIVADA,1,Business Services,1,37,29.69,2,0
20373008533,PRIVADA,1,Engineering & Construction,1,107,23.02,2,0
20568338627,PRIVADA,1,Retail,1,6,14.82,2,0
20600648749,PRIVADA,1,Retail,1,0,92.6,2,0
20418896753,PRIVADA,1,Retail,1,16,1.11,2,0
20510334699,PRIVADA,1,Metals and Mining,1,300,6.18,2,0
20486496372,PRIVADA,1,Engineering & Construction,1,142,87.11,2,0
20552702795,PRIVADA,1,Engineering & Construction,1,34,86.44,2,0
20513552964,PRIVADA,1,Transportation & Logistics,1,44,20.94,2,0
20600035496,CONSORCIO,1,Engineering & Construction,1,6,1.11,2,0
20475262647,PRIVADA,1,Engineering & Construction,1,226,79.15,2,0
20517222560,PRIVADA,1,Retail,1,114,15.84,2,0
20600454545,PRIVADA,1,Retail,1,179,48.85,2,0
20512909257,PRIVADA,1,Hospitality & Leisure,1,257,14.82,2,0
20516596946,PRIVADA,1,Retail,1,20,48.85,2,0
20518679121,PRIVADA,1,Retail,1,28,29.62,2,0
20536579746,PRIVADA,1,Automotive,1,47,21.14,2,0
20562975374,CONSORCIO,1,Business Services,1,319,15.84,2,0
20601050120,PRIVADA,1,Retail,1,113,20.94,2,1
20551182992,PRIVADA,1,Engineering & Construction,1,127,0.68,2,1
20465261634,CONSORCIO,1,Power & Utilities,1,32,4.85,2,0
20451816005,PRIVADA,1,Chemicals,1,6,29.62,2,1
20509608467,PRIVADA,1,Insurance,1,313,4.85,2,1
20100083281,PRIVADA,1,Consumer,2,221,4.86,2,0
20514813214,PRIVADA,1,Metals and Mining,1,24,4.85,2,0
20265748466,PRIVADA,1,Telecommunications,2,415,-14.79,2,1
20411051782,PRIVADA,1,Consumer,1,2621,20.94,2,0
20549068201,PRIVADA,1,Business Services,1,304,48.85,2,1
20478729791,PRIVADA,1,Business Services,1,177,4.85,2,1
20459151584,PRIVADA,1,Engineering & Construction,1,312,15.84,2,0
20548112509,PRIVADA,1,Health Services,1,13,0.68,2,1
20510014279,PRIVADA,1,Media & Entertainment,1,57,4.68,1,0
